year,meanBonus,meanHourly,medianBonus,medianHourly,meanHourlyPT,medianHourlyPT,meanHourlyTemp,medianHourlyTemp,perBonusFemale,perBonusMale,perBIKFemale,perBIKMale
2022,20,7.4,-45,2,NULL,NULL,NULL,NULL,9,14,96,99
2022,41.6,20.9,35.1,22.7,9.2,9.4,2.8,15.9,54.7,62.8,84.5,81.4
2022,-36,6,-51,16,-39,2,17,14,76,80,28,37
2022,23.2,12.2,5.7,7.7,-22,-19.3,4.7,-2.3,72.9,75.9,57.2,51.9
2022,19.1,11.6,18.2,10.9,41.9,41.8,5.5,11.3,86,94,74.4,84.2
2022,5.6,4.2,-56.4,10.9,83.7,86.5,-3.3,-2.7,91.6,92.1,90.1,93.6
2022,81.7,18.4,0,8.3,NULL,NULL,NULL,NULL,83,86.7,NULL,NULL
2022,71.4,20.4,0,0,NULL,NULL,NULL,NULL,93,93.1,NULL,NULL
2022,64.8,15.1,0,7,NULL,NULL,NULL,NULL,66.9,72.8,NULL,NULL
2022,25.8,12.6,0,1.5,-24.31,-0.95,25.67,24.87,39.83,40.39,1.56,0.7
2022,27.64,9.05,2.23,1.34,29.22,12.23,-0.78,-0.04,67,64,67,61
2022,-10.9,4.4,-42.9,1.6,NULL,NULL,NULL,NULL,38.5,36.7,NULL,NULL
2022,79.4,30.5,15.7,14.1,41,3.5,2.2,1.1,58.1,14.7,1.5,4.7
2022,72,56,54,28,NULL,NULL,19,41,91,93,95,98
2022,7.37,18.4,5.57,14.44,-4.16,-18.98,2.63,4.2,0.9,1.6,91.8,88.9
2022,48,26.5,33,25,NULL,NULL,-3,0,81,91,87,80
2022,29.3,23.9,9.6,14,NULL,NULL,NULL,NULL,100,100,100,100
2022,-13.7,1,4.1,3,-28.7,-14,1,-11.6,85.8,89,100,100
2022,-3,13.2,0,2.2,1.6,1.6,-7.6,-1.1,17,13,72,74
2022,48,4.5,74,37.5,-7,13.65,NULL,NULL,4,4,NULL,NULL
2022,45.8,19.8,10.7,13.9,-8.05,-7.53,7.01,-11.87,83.19,84.06,66.46,64.35
2022,14.3,4.3,20.9,6,43.5,42.9,-17.1,-26.9,79.7,78.4,82.7,88.1
2022,37.2,19.7,40.2,20.8,NULL,NULL,5,12.7,93.7,94.9,93.7,90.5
2022,12,7.8,16.7,8.6,0,0,0,0,87.2,85.7,86.1,79
2022,68.9,41,19.1,16.8,NULL,NULL,-2.5,-0.5,85.1,85.3,93.4,90.5
2022,NULL,4.81,NULL,3.94,-1.3,-2.01,NULL,NULL,NULL,NULL,NULL,NULL
2022,NULL,2.67,NULL,-15.54,-10.59,-7.19,-1.27,-0.71,NULL,NULL,NULL,NULL
2022,8.2,-0.86,10.9,0.49,-7.7,-7.28,2.3,1.92,10.58,6.64,0,0.1
2022,64.2,28.3,50.9,27.8,-0.5,-49.3,5.2,-28.8,86.1,85.3,93.2,94.6
2022,11,9,0,3,-45,-18,-4,-4,84,89,100,100
2022,57.84,7.8,50,0.86,1.4,1.3,NULL,NULL,25,20,2.8,2.6
2022,-203.9,-0.3,-214.2,-4.9,0,0,NULL,NULL,NULL,NULL,0,0
2022,0,0,100,100,0,0,NULL,NULL,NULL,NULL,0,0
2022,56.28,30.54,60.33,34.1,7.07,7.9,0,0,97.39,98.85,0,0.16
2022,72.89,42,45.88,50.38,0,0,0,0,84.62,83.72,0,32.56
2022,52.6,29.7,32.1,22.2,40.24,41.79,0.79,-28.67,83,78,2.45,5.18
2022,29.4,-0.6,9.8,1.5,0.9,0.9,NULL,NULL,3,1,0.3,0.2
2022,60.1,13.5,39.5,5.1,1,0.6,NULL,NULL,5.3,5.8,1.3,2.5
2022,-15.1,32.3,-29.6,28,4.8,1.7,41.3,1.2,1.4,6.8,1.6,30.5
2022,24,12,32,1.9,NULL,NULL,NULL,NULL,80,44,NULL,NULL
2022,88.9,8.9,100,6.2,-35.8,-63.9,-3.9,2.1,38,64,2.1,7.2
2022,39,52,31,17,NULL,NULL,NULL,NULL,92,79,38,35
2022,42.3,21.9,26.4,21.4,8.3,14.6,23.3,2.9,92.1,91.5,63.1,59.4
2022,-34.6,13.5,-28.06,10.57,23.09,20.1,0,0,25,50,1.25,0.57
2022,-13.5,4.3,5.7,14,NULL,NULL,8.7,25.8,NULL,NULL,88.2,91
2022,18.8,3.8,-8.5,0.5,NULL,NULL,NULL,NULL,88,93.4,100,100
2022,5,0.2,0.1,-11,-7,-5,4,5,57,56,4,4
2022,42.2,22.1,50.6,22.1,48,48,NULL,NULL,76.7,88.6,44.7,51.8
2022,39.8,26,37.7,28.4,72.1,72.5,0.7,-0.2,83.4,86.3,76.2,74.2
2022,3.6,11.9,19.8,10.3,45.7,45.7,20.5,0,93.4,94.7,88,89.7
2022,48.5,38.69,61.8,40.99,7.02,-6.57,-0.27,-5.26,29.5,43.8,100,79.6
2022,22,29.2,35.2,29.7,12.1,20.98,29.02,-24.79,25,42.4,98.5,73.4
2022,32,19,26,20,35,48,NULL,NULL,61,67,95,95
2022,NULL,20.5,NULL,17.1,-19.5,-34.8,-3.3,0,NULL,NULL,90.2,90.7
2022,61.7,33.9,33.3,19.9,NULL,NULL,NULL,NULL,88.2,91.3,100,100
2022,6.99,10.74,13.73,10.36,-3.35,-4.54,-0.58,0.54,83.11,83.22,74.72,71.95
2022,15,17,0,11,29,8,NULL,NULL,21,27,93,86
2022,7.3,-4,18.6,-0.2,15.2,12.4,-3.2,-3.8,85.4,81.5,92.3,93.6
2022,1,0,0,0,NULL,NULL,NULL,NULL,NULL,NULL,76,81
2022,2.8,3.2,8,6.1,NULL,NULL,NULL,NULL,NULL,NULL,NULL,NULL
2022,37.7,10.9,-12,7.7,10.7,5.9,NULL,NULL,1.3,2.2,3.3,0.9
2022,27.4,14.7,-6.8,2.6,NULL,NULL,NULL,NULL,94.8,91.8,98.3,98.7
2022,50.13,16.52,10,1.22,23.73,9.41,25.64,14.34,72.41,55.56,0.12,0
2022,16,12,12,11,NULL,NULL,NULL,NULL,83,80,98,96
2022,49,25,19,14,-115,-115,NULL,NULL,81,75,95,96
2022,22,20,0,23,27,28,18,16,89,98,12,4
2022,38.1,9.3,8.2,6.4,31.1,56.4,3.8,12.1,93,85,95,86
2022,-21.5,-10.89,-16.8,-8.2,-52.78,-44.65,0,0,48.37,39.02,9.77,8.39
2022,27.4,12.3,13.9,8.8,-9.3,-3.5,-4.7,-0.5,86.5,86.5,80,80
2022,-35.4,0.6,-224.5,4.1,-46.4,-46.4,20.3,26.3,85.1,84.7,4.5,17.4
2022,48.5,10.6,23.9,0.2,-14.7,-16.4,2.8,-1.5,79.5,71.5,2.2,2.8
2022,32.9,11.3,10.7,19.7,47.9,19,-8.9,-11.8,68.4,79,90,84.2
2022,14.85,13.8,-24.17,-4.2,-29.12,-28.98,0,0,38.64,38.38,12.88,18.38
2022,14.5,8.8,0,11.3,-44.6,4.2,NULL,NULL,17.9,16.4,26.8,18.7
2022,59.3,20.45,19.3,19.57,29.7,54.8,NULL,NULL,98,100,79.5,54.1
2022,58.6,19.8,29.5,15.4,61.7,53.9,10.3,-23.7,89,88.2,14.5,12.7
2022,-38,13.7,-83.1,8.7,-42.2,-32.5,0,100,75.5,65.9,7.8,7.3
2022,NULL,6.56,NULL,-8.08,1.03,2.52,-2.09,-11.25,NULL,NULL,NULL,NULL
2022,30,29,31,34,-31,-18,-33,-30,81,73,80,83
2022,NULL,2.01,NULL,-8.31,-12.94,-10.5,19.94,25.64,NULL,NULL,NULL,NULL
2022,-13.7,16.4,0,11.4,NULL,NULL,NULL,NULL,10.2,6.1,0.1,0.7
2022,NULL,4.9,NULL,0.4,24.1,23.8,6.9,0.1,NULL,NULL,20.7,18.2
2022,NULL,8.5,NULL,5.9,1.1,-9.8,5.4,0,NULL,NULL,NULL,NULL
2022,36.78,10.22,-17.46,5.35,-41.89,-45.01,8.34,-2.23,57.72,58.42,48.66,46.09
2022,NULL,-4.94,NULL,-17.55,22.51,23.42,-6.91,6.25,NULL,NULL,NULL,NULL
2022,NULL,26.3,NULL,4.4,40.9,7.2,23.2,25.8,NULL,NULL,NULL,NULL
2022,16,7,8,-1,-65,-67,8,8,88,95,12,36
2022,4.9,1.14,3.8,0.76,1.36,0.72,NULL,NULL,66.7,60.9,11.3,8.1
2022,30.4,22,39.4,22.3,-2.6,15,3.6,0,93.1,92.6,94.3,92.6
2022,41,19,33,11,NULL,NULL,2,1,41,59,76,72
2022,26,15,24,15,-8,-2,30,13,76,78,97,97
2022,NULL,-7.04,NULL,-15.73,-12.61,-2.12,7.38,11.07,NULL,NULL,NULL,NULL
2022,-31.2,-2.9,-10.9,-2.5,15.3,17,15.2,4.8,96.2,91.9,94.9,91
2022,73.5,31.7,27.5,34.1,-5,22,-4,-3,75,67,NULL,NULL
2022,21.6,-9.7,12.4,-5.32,-82.31,-138.3,-110.42,-103.67,86.4,64.42,100,100
2022,35.7,10.71,49.3,9.76,0,0.3,-7.8,-17.6,NULL,NULL,NULL,NULL
2022,100,0.5,0,-0.7,-75,-83.4,5,1.1,NULL,NULL,NULL,NULL
2022,31.6,9.9,6.5,4.3,42.9,57.8,-0.7,0,90.3,88.7,89.5,88.7
2022,NULL,5.41,NULL,-7.55,-0.72,-8.04,13.03,12.09,NULL,NULL,NULL,NULL
2022,NULL,1.29,NULL,-3.59,-5.56,-0.94,25.26,13.93,NULL,NULL,NULL,NULL
2022,-42,3.33,-6,-1.55,-2.32,-0.25,0,0,41,77,0,0
2022,38,11,29,11,-35,-23,NULL,NULL,65,71,12,11
2022,-1.4,-12,-9.4,-16,NULL,NULL,NULL,NULL,16.3,8.8,8.05,9.83
2022,16.5,15.6,-7.1,4.4,-5.2,-4.8,-6.2,-2.5,92.7,91.8,79.9,73
2022,72.3,59,55.6,32,-64.4,-12.8,74.5,-106.4,85.4,89.5,19.5,39.5
2022,2,7,0,-7,NULL,NULL,37,46,70,90,65,89
2022,10.2,-1.6,-9.8,0.9,-1.7,0.3,NULL,NULL,91.6,89.8,100,100
2022,0,12.2,0,12.8,-0.4,-1.2,-22.5,-12.5,0,0,91.9,92.6
2022,42.5,12.3,38.3,13.2,-38.1,-13,7,3,43,28.4,83,87
2022,36.4,7.8,27.1,4,2.9,0.6,NULL,NULL,6,4.8,1.1,1.1
2022,NULL,2.01,NULL,6.66,26.43,-16.32,31.42,35.94,67.78,92.54,0,0
2022,68.4,47.9,52.3,29.4,39.2,58.6,26.6,-0.3,86.3,89.8,88,91
2022,33.1,15,14.3,9.1,49.5,45.9,2.44,0.7,90.2,94.4,92,95.5
2022,25.6,11.4,26.8,11.7,-154.7,-122.6,-4.3,-23.1,94.3,96.3,93.9,96.9
2022,12.8,7.47,0,7.81,17.32,42.45,1.41,1.54,58,56,57,53
2022,NULL,16,NULL,-4,-85,-36,NULL,NULL,NULL,NULL,100,100
2022,NULL,9.5,NULL,12.7,8.24,10.89,-27.9,0,NULL,NULL,NULL,NULL
2022,NULL,4.96,NULL,6.43,1.33,8.87,1.67,-1.75,NULL,NULL,NULL,NULL
2022,NULL,10.6,NULL,19.6,19.62,7.12,-2.53,-5.87,NULL,NULL,NULL,NULL
2022,NULL,12.28,NULL,3.08,42.04,45.34,NULL,NULL,NULL,NULL,4.3,2.2
2022,NULL,6.75,NULL,3.45,-16.55,-18.87,NULL,NULL,NULL,NULL,NULL,NULL
2022,NULL,-1,NULL,1,9.59,0,NULL,NULL,NULL,NULL,NULL,NULL
2022,NULL,5,NULL,1,10.51,17.86,NULL,NULL,NULL,NULL,NULL,NULL
2022,NULL,5.71,NULL,-2,-33.29,-20.87,-0.08,0,NULL,NULL,NULL,NULL
2022,NULL,5.52,NULL,1.22,-6.36,-1.51,-2.13,-2.73,NULL,NULL,NULL,NULL
2022,NULL,12.1,NULL,16,7.37,12.65,NULL,NULL,NULL,NULL,NULL,NULL
2022,NULL,8.82,NULL,1.65,4.21,0.22,NULL,NULL,NULL,NULL,NULL,NULL
2022,NULL,4.73,NULL,-2.13,12.01,0.33,3.4,3.6,NULL,NULL,NULL,NULL
2022,NULL,20.42,NULL,20.79,7.02,27.77,NULL,NULL,NULL,NULL,NULL,NULL
2022,NULL,0.23,NULL,0.57,3.6,3.7,0,0,NULL,NULL,NULL,NULL
2022,52,22,25,22,0.5,13,NULL,NULL,96,99,47,57
2022,-14.6,3.7,-9.4,8.2,-114.1,-109.9,1.2,0,78.9,83.3,100,100
2022,NULL,0,NULL,-11.04,-10.23,-9.12,11.4,10.87,NULL,NULL,NULL,NULL
2022,NULL,15.1,NULL,7.1,1.3,0,5.7,-8.3,NULL,NULL,NULL,NULL
2022,54.12,24.3,41.6,28.8,45.9,27.3,22.8,33.3,64.9,63.8,98,98
2022,60.3,-2.4,100,3.5,-14.1,0.4,7.2,3.2,40,76,NULL,NULL
2022,-51,5.3,-8.6,25.1,-2.8,-8.6,12.8,4.9,1.6,2.7,1.6,2.2
2022,NULL,4.83,NULL,5.65,2.7,-0.76,-3.24,1.75,NULL,NULL,NULL,NULL
2022,NULL,-3.04,NULL,-7.99,0,0,0,0,NULL,NULL,NULL,NULL
2022,NULL,15,NULL,10.7,3.3,0.8,11.3,31,NULL,NULL,NULL,NULL
2022,-44.4,5.1,3.5,-1.2,-4.8,-2.9,42.9,35.7,82,79,100,100
2022,-2.3,-16.84,-39.03,-8.9,-77.37,-3.93,7.57,19.56,96.67,97.64,95.83,96.85
2022,68.1,8.9,49.6,-8.9,-9.5,-4.2,NULL,NULL,8.4,9,27.9,35.7
2022,-4.6,6.3,3.5,0.5,-17.3,17.4,4.4,20.5,88,85,93,86
2022,-37,7.18,-108,18.6,-2.18,3.8,5.64,11.55,80,85,25,50
2022,10.6,12.4,15.9,16.2,-14.5,-2.7,NULL,NULL,89.1,89.5,22,31
2022,33.4,22.8,44.4,24,24.6,24.2,35.5,37.8,90,90,90,88
2022,17.2,4.6,4.4,2,NULL,NULL,-8,0,67,61,87,80
2022,-9.6,7.6,12.7,9.5,-6.6,4.7,18.8,28.3,58,50,91,95
2022,-22.6,4.2,0,2.2,NULL,NULL,29,31.9,79.3,94,86.2,95
2022,NULL,18,NULL,25,-10,-8,28,4,NULL,NULL,NULL,NULL
2022,65.5,27,45.5,26,-62.8,-87.7,9.6,-1.1,65.1,51,33.7,34.1
2022,18.78,12.74,18.18,10.2,NULL,NULL,-1.73,-2.04,40,40,86,87
2022,-2.2,10.9,-1.7,11.5,10.2,11.1,-0.2,-2.7,58,47,NULL,NULL
2022,26,19,12,16,NULL,NULL,17,0,25,55,25,63
2022,44,15.3,44.5,15.3,NULL,NULL,-16.9,-3.4,13.7,16.3,73.8,80.1
2022,24,9.6,2.3,7.8,-11.5,-206.4,0,-0.1,74.7,75.3,97.6,98.3
2022,-59.3,11.3,0,13.2,49.2,52,-0.8,-36.6,4,2.8,0,0
2022,NULL,8.31,NULL,7.3,1.39,3.3,NULL,NULL,NULL,NULL,NULL,NULL
2022,48,29,23,26,31,29,-2,-5,92,87,32,32
2022,-29.3,0.3,-13.5,9.4,NULL,NULL,NULL,NULL,NULL,NULL,NULL,NULL
2022,7.3,5.4,27.6,6.8,NULL,NULL,-32,5,77.2,79.1,82.2,78.8
2022,5.5,8.4,11.5,15,NULL,NULL,-4.1,0,87.2,88.3,92,92
2022,55.1,17,40,11.7,12.6,22.3,NULL,NULL,74,76,84,88
2022,NULL,4.58,NULL,1.98,-7.09,-35.42,6.05,17.98,NULL,NULL,0.19,0.06
2022,32.99,6.62,1.75,8.65,-49.47,-49.47,0,0,NULL,NULL,65.69,62.73
2022,33,26,23,24,70,71,-10,-10,82,85,80,88
2022,NULL,-9.85,NULL,-12.62,-3.52,-8.67,-15.75,0,NULL,NULL,11.9,11.9
2022,30.5,12.6,7.9,6.3,-54,-25.6,-11.4,7.6,89.2,92.4,79,81.1
2022,NULL,8.08,NULL,6.77,3.1,-0.33,7.44,2.05,NULL,NULL,NULL,NULL
2022,NULL,8.52,NULL,2.56,6.32,8.69,NULL,NULL,NULL,NULL,85.04,14.96
2022,-20,24.1,17,25.9,2.7,2.4,100,100,4.08,3.17,0.78,1.61
2022,NULL,-8.5,NULL,-5.8,NULL,NULL,NULL,NULL,0,0.4,0,0.4
2022,NULL,-7.01,NULL,-14.51,-30.46,-18.34,-2.82,0.58,NULL,NULL,NULL,NULL
2022,51.46,3.03,13.75,-16.55,8.03,13.75,34.44,27.75,13.95,13.89,0.16,0
2022,NULL,2.54,NULL,-4.97,1.56,1.24,-1.81,11.7,NULL,NULL,NULL,NULL
2022,12.8,5.7,7.3,3.6,NULL,NULL,8.2,-1,91,94,12,16
2022,11,11,-6,2,-19,-48,25,17,86,92,96,99
2022,44.94,18.92,-0.66,0,0,0,-0.03,-0.09,64.5,68.6,57,71.3
2022,19,21.8,17,17.1,-32.8,-48.9,3.1,0.8,98,99,10,17
2022,48,19,43,13,-13,-1,-17,0,89,80,1,2
2022,69,34,63,23,17,39,9,41,68,56,80,60
2022,38.83,9.76,-43.93,5.18,NULL,NULL,NULL,NULL,85.95,83.78,66.94,60.14
2022,-126.35,-3.25,2.5,4.73,NULL,NULL,-7.26,-1.04,100,100,NULL,NULL
2022,59.8,40.99,57.45,46.02,39.6,49.76,11.33,31.09,82.48,84.65,86.13,88.84
2022,-73,-27,32,23,NULL,NULL,NULL,NULL,92,92,95,96
2022,14,5,11,8,-10,-9,3,-4,94,96,94,94
2022,-0.94,2.37,0,-1.93,7.34,33.19,-5.19,-0.68,76.29,72.89,13.55,11.82
2022,0,15.8,0,0,NULL,NULL,NULL,NULL,NULL,NULL,NULL,NULL
2022,-16.3,-0.4,8.6,1.1,-0.3,0.3,5.2,4.9,NULL,NULL,NULL,NULL
2022,12.4,4,6.2,4.3,NULL,NULL,0.8,0.3,91.9,94.8,89.7,92.6
2022,-24,-1.9,-67,-0.4,-1.3,-0.5,-0.6,0.4,97.4,100,NULL,NULL
2022,28,15.4,42.6,8.2,NULL,NULL,NULL,NULL,78.6,90.4,6.8,5.5
2022,NULL,3.65,NULL,4.62,-80.49,-73.03,16.33,33.45,NULL,NULL,NULL,NULL
2022,NULL,12,NULL,0,13,-11,20,23,NULL,NULL,NULL,NULL
2022,-6,-3,-57,-5.8,NULL,NULL,NULL,NULL,94,88,6,23
2022,-0.1,9.52,0,1.9,24,27,-0.15,-2.6,89,84,88,86
2022,-0.1,0.7,-7,6.2,NULL,NULL,11,36,97,94,57,65
2022,18.2,17.9,18.4,18,0,0,0,0,95.4,96.4,NULL,NULL
2022,70.18,10.83,18.18,-1.71,27.15,5.71,-24.9,-8.39,0.52,3.25,0.35,0.65
2022,34.9,16.7,20.8,12.4,0,0,1.8,2.6,84.1,86.1,NULL,NULL
2022,26.2,15.4,-1.9,13.8,-7.3,-5.1,1.8,2.6,93.1,88.2,NULL,NULL
2022,NULL,2.07,NULL,1.84,26.14,17.75,30.12,59.34,NULL,NULL,NULL,NULL
2022,NULL,0.76,NULL,0.09,-54.3,-35.5,-4.7,-0.99,NULL,NULL,NULL,NULL
2022,NULL,-3.56,NULL,-5.62,NULL,NULL,NULL,NULL,NULL,NULL,NULL,NULL
2022,48,26,17,23,NULL,NULL,NULL,NULL,91,90,86,90
2022,41.9,23.1,42.5,19.3,NULL,NULL,NULL,NULL,77.1,84.2,100,100
2022,NULL,8.7,NULL,12.7,7.9,15.1,-0.9,0,NULL,NULL,NULL,NULL
2022,NULL,-6.32,NULL,-12.9,NULL,NULL,NULL,NULL,NULL,NULL,NULL,NULL
2022,43.2,29.2,26.7,29.4,NULL,NULL,38.5,40.4,95.5,91.3,33.9,32.5
2022,3.6,3.1,-3.6,8.1,23.4,33.7,27.7,-19,97.4,97.4,100,100
2022,43.8,16.3,38,12.4,-133.8,-50.5,18.7,23.4,74.1,75.3,77.8,80.5
2022,NULL,14.6,NULL,0.7,NULL,NULL,0.9,19.1,NULL,NULL,NULL,NULL
2022,NULL,8.61,NULL,1.75,1.27,0.54,NULL,NULL,NULL,NULL,NULL,NULL
2022,45.75,22,56.62,25.08,-73.56,-20.12,6.03,8.3,89.72,89.61,93.25,93.39
2022,7.7,2.5,17.7,0.2,-0.1,-0.2,0,0.2,96.2,94.7,4.8,7.1
2022,9.6,5.4,11.7,9.3,7.8,-0.1,-21.4,-41.6,95.4,97,88.6,91.3
2022,6,8,15,11,59,60,41,25,86.1,83.3,85.1,87.8
2022,NULL,21,NULL,36,-15,-90,49,63,NULL,NULL,0,0.4
2022,NULL,7,NULL,-11,-7,-7,10,24,NULL,NULL,NULL,NULL
2022,10,13.3,-3.5,11.1,-162.4,-153.5,-11.9,-3.3,71.1,79.6,79.7,84.4
2022,51,14.7,32.1,9.8,13.7,24.2,-15.3,-1,92.6,1.3,49.1,50.6
2022,NULL,20.8,NULL,19.52,36.24,16.11,NULL,NULL,NULL,NULL,NULL,NULL
2022,NULL,2,NULL,1.4,-5.2,-1.16,NULL,NULL,NULL,NULL,NULL,NULL
2022,13.2,7.37,7.6,5.76,NULL,NULL,4.48,4.5,97,95,17,26
2022,NULL,3.69,NULL,-0.49,-2.26,-1.34,-3.85,-7.07,NULL,NULL,0.29,2.91
2022,12.5,18.1,29.6,9.1,3.8,2.2,0,0,2,7.2,1,2.3
2022,45.8,16.2,10.4,5.8,-13.7,-0.4,5.8,8.8,70.9,75.2,13.4,15.6
2022,66.9,28.7,43.5,29.3,33,37.8,11.9,0,25.3,21.9,1.8,4.7
2022,31.85,-1.04,50.04,-0.95,NULL,NULL,NULL,NULL,66,34,70,30
2022,71,13,11,21,NULL,NULL,NULL,NULL,100,100,100,100
2022,31.7,13.7,0,23.3,NULL,NULL,12.5,1,75.9,81.1,20.4,46.2
2022,46.51,22.4,24.57,15.47,NULL,NULL,NULL,NULL,85.22,82.3,95.22,92.13
2022,4.68,10.75,2.07,5.32,14.49,5.33,NULL,NULL,91.99,87.52,98.51,98.42
2022,67.73,40.32,45.65,31.29,NULL,NULL,37.09,-15.13,89,93,88,88
2022,28.92,46.77,-67.83,44.59,NULL,NULL,3.93,5.11,24.07,13.52,2.01,0.64
2022,NULL,-1.63,NULL,-0.8,-18.6,-1.64,-7.76,-7.1,NULL,NULL,0,0.2
2022,-5.9,6.4,13,5.2,-7.8,27.5,-15.9,-9.8,26,22.4,0.5,1.2
2022,10,2.8,0,2.8,-4,-1,-29.5,-17.5,48,53,11,13
2022,NULL,-0.07,NULL,-7.23,-6.35,-7.41,21.47,22.38,NULL,NULL,2.31,2.74
2022,NULL,-0.72,NULL,1.88,-9.8,-11.23,16.84,23.71,NULL,NULL,NULL,NULL
2022,18.05,-0.61,-11.94,-7.15,-27.91,-20.65,24.78,17,64.18,69.61,22.39,18
2022,59.9,12.8,38,-0.9,NULL,NULL,NULL,NULL,93.6,89.7,NULL,NULL
2022,13.9,6.9,-105,-7.5,20.9,14.7,3.5,1.7,81,80,100,100
2022,-25,1.2,-14,6.5,14.26,12.83,0.9,0,68,78,25,7
2022,54,36,57,36,48,51,15,29,94,97,25,68
2022,31,14.1,-12.3,9.1,-19.5,19.6,7.4,2.9,34.1,30.5,100,100
2022,NULL,5.5,NULL,1.36,-1.7,0,21.57,17.3,NULL,NULL,NULL,NULL
2022,55.2,28.8,24,21.8,-40.2,-26.7,29.3,-8.8,94.9,92,87.3,85.3
2022,NULL,10.07,NULL,15.06,-1.28,-0.86,-13.28,-15.96,NULL,NULL,NULL,NULL
2022,NULL,-4.95,NULL,-10.97,-0.87,2.97,2.98,9.12,NULL,NULL,0,0
2022,8.3,7.9,10.7,4.1,3.1,3,-0.1,-1.8,4,5.7,25.8,26.9
2022,NULL,6.02,NULL,-1.37,-2.79,2.33,-35.79,-31.23,NULL,NULL,0,0.24
2022,42.19,20.75,0,17.56,-6.9,20.96,37.06,-8.89,77.78,84.26,30.86,24.37
2022,NULL,2.08,NULL,-10.14,-13.2,-9.8,5.9,-20.35,NULL,NULL,NULL,NULL
2022,NULL,3.26,NULL,3.03,0.99,2.99,2.68,0.92,NULL,NULL,NULL,NULL
2022,14.7,4.2,11.9,0.8,-7.7,-4.5,2.2,1.9,88.9,89.1,NULL,NULL
2022,-59.58,-2.89,-603.92,-4.59,0,0,0,0,52.38,64.12,4.76,5.56
2022,80.2,45.5,19.6,13.5,49.4,55.8,100,100,90.1,88,93.3,92.3
2022,NULL,14.36,NULL,28.43,-93.72,-78.22,-16.22,-30.72,NULL,NULL,7,7
2022,44,50,39,24,-5,-14,-4,0,77,63,61,51
2022,28.4,15.6,22.6,19.6,NULL,NULL,NULL,NULL,72.8,73.1,91.8,93.5
2022,81,61,73,24,35,41,-5,0,91,90,6,7
2022,87,37,42,26,NULL,NULL,-5,-72,90,86,4,14
2022,NULL,16.99,NULL,24.14,16.89,4.34,14.03,9.39,NULL,NULL,0,0
2022,NULL,-2.19,NULL,-4.83,-1.65,0.23,6.24,-3.48,NULL,NULL,NULL,NULL
2022,65.81,22.96,42.49,5.01,11,-3.1,NULL,NULL,75,77,17.49,15.8
2022,NULL,4.11,NULL,-0.67,-12.43,-4.46,-24.69,-4.66,NULL,NULL,NULL,NULL
2022,34.8,22.3,0,24.4,31.7,43.7,6.8,-25.9,89.6,94.2,100,100
2022,28,11,24,14,-7,0,8,10,98,98,80,87
2022,33.2,21.1,29.8,22.6,NULL,NULL,NULL,NULL,92.2,96.9,84.7,92.9
2022,46.7,16.3,30.1,14.8,NULL,NULL,NULL,NULL,19.98,80.02,0,0
2022,NULL,25.17,NULL,0.49,16.98,-22.52,NULL,NULL,NULL,NULL,0.48,3.82
2022,30.9,11.42,0,3.14,0.61,3.3,11.56,3,96,92,76,72
2022,43.3,15.7,22.1,15,NULL,NULL,7.1,14.4,96.8,96.7,100,100
2022,9.8,0.2,9.9,6.2,NULL,NULL,NULL,NULL,82.7,78.4,85.3,86.9
2022,23.1,3.9,-17.3,1.7,0.2,1.8,NULL,NULL,2.8,3.7,0.9,1.2
2022,NULL,1.12,NULL,-8.5,-8.37,-10.97,12.07,8.23,NULL,NULL,NULL,NULL
2022,9.34,9.8,-0.24,13.05,8.06,-4.71,11.57,25.68,95.11,96.18,100,100
2022,10.4,2.8,2,0.6,NULL,NULL,NULL,NULL,NULL,NULL,88,88
2022,NULL,8.1,NULL,6,9.3,10,5.1,14.4,NULL,NULL,NULL,NULL
2022,48.9,8.4,0,1.3,2,1.9,0,0,41.7,48.7,0,0
2022,-13.5,-11.9,-15.4,-18.5,-51.3,-12.4,-0.8,-6.7,85,90,8,7
2022,44.6,11.6,24.1,8.9,5.1,8.2,-2.8,2,85.2,86.4,1.1,2.4
2022,33,-6,24.2,-0.3,1.6,0,1.5,0.1,11.9,10.6,3.6,1.8
2022,72.95,-15.6,60.02,-15.56,-5.88,-3.4,NULL,NULL,4,2,1,2
2022,14.5,26.1,14.4,37.4,37.4,48,26.1,51.9,1.03,0.93,NULL,NULL
2022,NULL,0.35,NULL,-7.56,-4.86,9.84,7.95,0,NULL,NULL,NULL,NULL
2022,NULL,3.78,NULL,1.91,-33.99,-81.18,NULL,NULL,NULL,NULL,NULL,NULL
2022,22.5,20.5,21.5,17,-72.4,-70.8,19.2,17.7,32.9,38,30.5,48
2022,14.93,12.08,0,25.62,16.07,34.78,2.96,10.38,25.56,7.32,0,0
2022,67.9,23.4,99.3,10.7,-50.6,-46.8,-13.5,0,2.6,12.9,91.3,89.5
2022,35,11,12.5,3.3,-18.5,-10.2,23.8,0,96.4,94.8,90.2,87.9
2022,24.8,14.8,28.6,17.8,-22.5,21,0.1,-2.1,91.1,92.1,91.7,93.4
2022,2.2,23.4,7.7,29.5,0,0,0,0,0,0,0,0
2022,-32.99,-2.05,-566.7,-1.38,0,0,0,0,31.1,32.1,2.01,6.01
2022,NULL,-4,NULL,-9.12,-9.25,-9,-7.49,-1.44,NULL,NULL,NULL,NULL
2022,NULL,17.1,NULL,15.54,NULL,NULL,-8.71,-5.28,NULL,NULL,NULL,NULL
2022,NULL,10.07,NULL,10.98,NULL,NULL,5.39,8.35,NULL,NULL,NULL,NULL
2022,50,34,32,29,NULL,NULL,-8,6,76,82,88,87
2022,0,-7,NULL,-1,-8,4,NULL,NULL,74,26,81,19
2022,NULL,-1,NULL,-13,2,-10,-3,2,NULL,NULL,NULL,NULL
2022,27.1,14,1.7,6.4,0,0,0,0,99.3,99.6,100,100
2022,61.53,25.15,29.95,15.64,27.89,37.76,NULL,NULL,70,65,81,76
2022,50.8,17.51,17.1,10.54,-43.2,-49.96,7.2,5.9,4.3,1.7,60.8,50.7
2022,0,23,NULL,5,-4,-6,NULL,NULL,0.4,0,1,13
2022,11.5,11.7,-9.3,8.7,NULL,NULL,NULL,NULL,83.1,84,87.9,91.2
2022,60,26,0,29,NULL,NULL,NULL,NULL,100,100,9,40
2022,56.3,32.4,36.9,29.4,40.7,30.3,29.9,11.6,89.5,90.7,85.6,89.2
2022,-8.96,-10.88,8.48,-6.49,-111.62,-108.71,0,0,89.01,88.76,4.4,1.87
2022,63.7,17.1,39.8,0,-1.6,-0.7,1.4,0.3,6.3,11.9,8.2,13.6
2022,NULL,2.56,NULL,2.79,0.02,-3.34,0,0,NULL,NULL,NULL,NULL
2022,NULL,-21.45,NULL,-22.59,19.3,-23.4,0.06,-5.16,NULL,NULL,NULL,NULL
2022,12.9,0.9,0,-16.6,36.9,57.1,-1.6,-0.3,89,87,94,93
2022,28.3,17.4,10.5,10.4,NULL,NULL,6.1,6.3,85.9,88.7,89.1,91.2
2022,NULL,0.7,NULL,4,-4.6,-3.7,3.4,2.2,NULL,NULL,0.5,1.9
2022,NULL,22.59,NULL,24.13,15.05,10.38,28.51,7.52,NULL,NULL,NULL,NULL
2022,35.9,8.5,14.2,9.5,17.2,14.6,23,35,81.5,91.8,9.9,18.6
2022,-100.4,7.6,8.4,10.8,11.3,13.2,-11.6,-21.6,20.3,13,0.5,0
2022,NULL,-4.11,NULL,-9.47,-7.2,-4.33,17.78,35.58,NULL,NULL,NULL,NULL
2022,4.31,21.07,0,7.43,36.92,26.5,40.44,40.44,75.17,69.52,NULL,NULL
2022,34.4,13.1,34.6,14.7,-0.4,14.6,26.7,47.5,2.2,5.1,NULL,NULL
2022,NULL,5.44,NULL,5.05,13.21,21.96,7.18,0,NULL,NULL,NULL,NULL
2022,42.8,27.1,50.3,39.2,NULL,NULL,NULL,NULL,85.8,88.3,58,59.4
2022,0,13.03,0,11.55,-3.4,-17,3.1,8.3,0.11,0,0,0.1
2022,59,46,14,4,13,-54,-10,-100,79.41,23.25,0,0
2022,35,10,28,9,NULL,NULL,-11,-87,86,89,93,95
2022,28.4,8.7,1.3,2.2,-267.1,-277.5,-5.1,-12.8,79.6,82.2,82.4,87.9
2022,69.03,-10,-13,-8.9,NULL,NULL,NULL,NULL,5.3,94.64,0,0
2022,33.7,17.6,39.3,20.1,40.8,-0.7,10.6,0,92,84,61,71
2022,0.9,9.1,13.1,8.9,-13.4,-4.9,1.8,0.1,91,91,69,78
2022,79,51,46,20,NULL,NULL,-48,20,69,71,25,54
2022,29.9,4.8,36.2,1,-0.3,-0.4,NULL,NULL,11.4,17.8,0,0.9
2022,4,30,-6,28,NULL,NULL,-12,21,46,54,NULL,NULL
2022,21.2,13.6,50,13,NULL,NULL,NULL,NULL,97.2,96.5,37.2,77.9
2022,23.7,7.2,18.7,5.7,-0.1,1.8,-69.7,-69.7,88.7,92.8,78.7,79
2022,NULL,2.45,NULL,-6.36,-14.23,-11.44,12.02,6.3,NULL,NULL,NULL,NULL
2022,-1.6,1.6,-171.8,-12.8,34.1,19,13.7,16.6,62.1,70.2,11.1,17.3
2022,43,4,6,0,-1,0,0,2,48,46,47,44
2022,-3,1.8,0,-7.1,-2.8,-2.9,4.4,-1.9,1.7,1,NULL,NULL
2022,22,18,0,19,7,4,7,4,21,26,2,5
2022,NULL,-3.06,NULL,-12.07,-12.48,-6.21,-23.96,-17.45,NULL,NULL,6,13
2022,NULL,11.7,NULL,21.9,23.6,53.8,15.6,24.7,NULL,NULL,NULL,NULL
2022,38.7,26,52.5,23,19.9,1.8,5.7,24.6,89.9,91.9,48.7,46.5
2022,NULL,-18,NULL,-4,-23,-8,-23,-34,NULL,NULL,NULL,NULL
2022,-6,0.3,11.1,3.3,NULL,NULL,17.2,23.3,84,82,100,100
2022,19,9,22,10,13,1,3,1,90,91,82,85
2022,19,14,16,16,-42,-29,3,0,91,95,89,88
2022,-20.9,7.7,0,13.5,1.2,2.5,1.4,4.8,86.7,76.1,22,13
2022,13.3,7.8,4,5.5,NULL,NULL,-2.5,6,92.8,95.9,87.8,92.4
2022,28.93,10.9,0,9,NULL,NULL,NULL,NULL,93.97,93.09,9.48,9.67
2022,NULL,12,NULL,18,-15,-53,3,1,NULL,NULL,NULL,NULL
2022,NULL,10.77,NULL,18.44,32.39,63.05,6.03,14.93,NULL,NULL,NULL,NULL
2022,NULL,11.4,NULL,14,14,9.6,9.9,5.5,NULL,NULL,NULL,NULL
2022,50.66,9.82,16.92,5.39,1.83,2.66,-5.8,-0.35,83.53,83.66,5.93,6.39
2022,NULL,17.66,NULL,1.76,-49.25,-47.03,5.52,23.46,NULL,NULL,NULL,NULL
2022,NULL,12.23,NULL,10.53,-27.36,-12.56,0.86,0.69,NULL,NULL,NULL,NULL
2022,NULL,5.1,NULL,3.39,3.08,1.29,NULL,NULL,NULL,NULL,NULL,NULL
2022,NULL,-1.2,NULL,1.76,-39.57,-73.17,NULL,NULL,NULL,NULL,NULL,NULL
2022,NULL,-3.63,NULL,-19.23,-89.1,-34.86,2.25,0,NULL,NULL,NULL,NULL
2022,NULL,11.3,NULL,9.1,2.5,2.3,42.7,49.8,NULL,NULL,NULL,NULL
2022,-18.64,14.47,0,20.39,-42.47,-53.28,36.69,12.82,74.6,86.2,5.48,4.9
2022,NULL,4.9,NULL,-0.1,2.1,-2,NULL,NULL,NULL,NULL,NULL,NULL
2022,-3.4,5,-0.7,1.4,NULL,NULL,6.1,6.1,87.3,87.7,100,100
2022,NULL,0.08,NULL,-5.36,-4.49,0.91,3.48,-6.13,NULL,NULL,0,0.12
2022,24.6,18.5,-30.5,15.7,-71.2,-100.4,18.7,21,48,59,9,13
2022,11.2,3.7,-25.3,-0.6,-3.1,-1.7,-5.7,-5.7,92,92,5,8
2022,49,25.4,58.4,37.3,-7.9,-0.6,-34.1,-32.3,32.4,56,100,100
2022,NULL,16.26,NULL,16.36,NULL,NULL,6.59,-0.13,NULL,NULL,0,0.55
2022,4.2,9.4,-16.8,6.2,NULL,NULL,-17.4,-37.5,84.2,80.2,84.2,84.6
2022,NULL,11,NULL,11,15,22,7,9,NULL,NULL,0.38,0.81
2022,NULL,5,NULL,4,-1,-1,-8,-7,NULL,NULL,NULL,NULL
2022,31.3,18.4,44.9,19.2,NULL,NULL,7.4,10.8,84.4,83.9,NULL,NULL
2022,25.4,37,0,55.7,11,3.2,33.3,33.4,63,66,3.1,2.9
2022,35.4,25.9,26.2,28.4,-53.9,-43.5,-36.9,-12.2,83,92,72.4,85.4
2022,42.7,14.3,7.1,-1.1,0,0,9.1,1.5,82,80,24.1,24.1
2022,NULL,16.06,NULL,17.37,14.61,-3.43,10.03,0,NULL,NULL,NULL,NULL
2022,NULL,7.71,NULL,7.66,4.15,-4.15,2.76,2.53,NULL,NULL,0.08,0.34
2022,NULL,5,NULL,10,2,4,5,4,NULL,NULL,NULL,NULL
2022,23,19,10,12,29,35,19,-2,89,83,74,66
2022,54.6,11.43,33.12,-1.55,29.29,9.24,NULL,NULL,76.43,68.07,8.57,27.71
2022,8.68,16.36,12.65,20,NULL,NULL,22.74,33.97,72.28,57.84,85.15,86.31
2022,62.1,32.63,6.8,30.57,42.24,38.46,27.95,27.44,74,82,74,81
2022,31,21,18,19,51,50,36,-10,88,88,93,93
2022,8,8.4,16.3,14,-35.7,-25.6,17.2,0,94,92,92,91
2022,9.75,6.05,15.42,16.05,-14.96,-5.8,9.89,38.21,91,93,93,95
2022,NULL,4.04,NULL,-1.6,-6.36,-5.77,-1.87,-9.39,NULL,NULL,0.32,1.65
2022,NULL,1.28,NULL,-5.35,-3.29,-2.79,0.93,-3.12,NULL,NULL,0,0
2022,NULL,-0.41,NULL,4.24,4.6,5.86,21.25,18.54,NULL,NULL,NULL,NULL
2022,NULL,-1.88,NULL,-4.62,-4.63,-2.88,5.26,1.18,NULL,NULL,0.59,1.68
2022,5.4,-0.3,30,-10.6,-15.7,-1.9,-13.5,-0.6,87.7,80.8,81.8,73.3
2022,36,5,49,1,17,15,NULL,NULL,77,88,33,28
2022,29.9,20,39.4,20.3,NULL,NULL,NULL,NULL,79.7,84,91.5,94
2022,45,30,20,32,-9,-12,-13,-14,100,100,84,92
2022,65.3,38.3,51.6,21.5,61.8,68.1,4.2,-74.2,87.2,84.1,38.1,47.3
2022,6,8,8,18,NULL,NULL,NULL,NULL,100,100,81,77
2022,13.9,22,18.3,20.5,NULL,NULL,NULL,NULL,65.4,78.1,86.5,89.3
2022,63,32,31,26,30,34,-20,-14,88,88,90,91
2022,31.4,19,24.7,16.5,NULL,NULL,1.5,0,77.5,79,89,91.1
2022,24.6,19.9,14.3,15.5,NULL,NULL,6.6,29.8,91.7,92.3,92.4,93.5
2022,24.6,20.4,12.9,15.1,NULL,NULL,6.6,29.8,91.6,92.1,92.1,93.3
2022,NULL,6.3,NULL,7.01,1.05,3.73,0.26,1.86,NULL,NULL,NULL,NULL
2022,NULL,13.87,NULL,8.24,NULL,NULL,3.8,8.24,NULL,NULL,NULL,NULL
2022,NULL,8.39,NULL,2.7,25.69,31.26,NULL,NULL,NULL,NULL,NULL,NULL
2022,39.7,8.7,6.9,3,-130.2,-81.4,-0.3,-0.7,87,84,87,82
2022,-2.42,5.59,5.59,6.97,1.64,1.76,-12.47,-22.97,90.46,93.11,80.35,79.66
2022,22.1,11.5,19.2,16.4,NULL,NULL,NULL,NULL,73.7,71.1,56.6,55.3
2023,32.5,20.5,35.9,21.8,33.1,33.1,-2.7,-6.1,93,94,78,84
2023,14.2,11.8,-1.6,13.8,-25.5,-29.5,-13.4,-9.3,90,91,81,85
2023,6.69,-3.8,10.51,-0.2,-11.43,-6.68,-5.44,7.5,11.4,6.36,0.27,0.3
2023,NULL,11.29,NULL,12.75,15.77,-2.23,39.69,9.53,0.11,0,9.75,11.31
2023,NULL,3.59,NULL,-9.99,-7.26,-23.07,19.29,10.14,NULL,NULL,NULL,NULL
2023,NULL,1.65,NULL,-9.31,-19.43,-0.33,8.61,29.11,NULL,NULL,0.4,0.23
2023,NULL,-4.09,NULL,-7.95,-18.41,-29.7,NULL,NULL,NULL,NULL,NULL,NULL
2023,NULL,-7.72,NULL,-12.9,NULL,NULL,NULL,NULL,NULL,NULL,NULL,NULL
2023,10.45,9.16,6.47,8.97,NULL,NULL,2.14,-6.02,83,84,15,23
2023,NULL,-0.58,NULL,-10.59,-2.27,-2.82,22.57,8.52,NULL,NULL,NULL,NULL
2023,NULL,3.88,NULL,-5.61,-5.47,-3.32,4.14,-3.36,NULL,NULL,0,0.23
2023,31.3,18,25,21.1,14.7,27.3,13.6,0,92.1,91.9,0.9,1.8
2023,NULL,13.7,NULL,14.12,17.64,34.98,NULL,NULL,NULL,NULL,NULL,NULL
2023,NULL,0.41,NULL,2.35,5.42,12.91,-0.52,-1.56,NULL,NULL,NULL,NULL
2023,NULL,2.57,NULL,-1.56,-13.66,-7.58,0.02,0,NULL,NULL,NULL,NULL
2023,NULL,5.04,NULL,7.41,-8.77,-3.22,-0.57,0.47,NULL,NULL,NULL,NULL
2023,NULL,-5.16,NULL,-13.54,-89.82,-67.85,20.38,4.69,NULL,NULL,NULL,NULL
2023,NULL,4.82,NULL,10.59,47.92,47.34,0,0,NULL,NULL,5.26,2.85
2023,NULL,4.24,NULL,0.92,-30.04,-22.22,0.58,0,NULL,NULL,NULL,NULL
2023,NULL,3.02,NULL,-0.76,-14.98,-19.05,NULL,NULL,NULL,NULL,NULL,NULL
2023,NULL,5.57,NULL,2.5,5.17,15.5,NULL,NULL,NULL,NULL,NULL,NULL
2023,NULL,4.69,NULL,-0.24,-2.56,-2.36,-1.28,-0.37,NULL,NULL,NULL,NULL
2022,NULL,7.66,NULL,-1.93,14.34,20.98,NULL,NULL,NULL,NULL,NULL,NULL
2023,NULL,7.95,NULL,1.88,-77.91,-76.93,NULL,NULL,NULL,NULL,NULL,NULL
2023,NULL,-5.2,NULL,-19.66,-10.84,-40.27,NULL,NULL,NULL,NULL,NULL,NULL
2023,NULL,5.32,NULL,4.99,0.92,0.79,-13.2,-13.25,NULL,NULL,NULL,NULL
2023,NULL,11.9,NULL,4.71,-1.22,1.53,0.52,0.58,NULL,NULL,NULL,NULL
2023,NULL,10.3,NULL,10.3,-5.6,5.5,NULL,NULL,NULL,NULL,NULL,NULL
2023,13,12,-22.3,6.9,NULL,NULL,3.4,6.2,93.2,95.7,81,85
2023,10.6,7.6,6,9.9,20.4,24.4,8.8,3.1,94.4,95.3,91,88.7
2023,61.9,15.9,0,12.7,NULL,NULL,NULL,NULL,72.2,84.9,NULL,NULL
2023,80.1,15.8,0,0,NULL,NULL,NULL,NULL,93.2,94.5,NULL,NULL
2023,19.69,9.14,11.42,2.03,30.94,17.84,0.07,0.65,85,86,80,78
2023,7.6,6.3,-83.3,13.9,NULL,NULL,NULL,NULL,45.7,37.2,NULL,NULL
2023,38,29,35,12,NULL,NULL,NULL,NULL,89,85,64,90
2022,65,31,26,17,NULL,NULL,NULL,NULL,89,81,74,86
2023,5,18.9,23.9,13.1,-0.6,-0.9,4.4,8.7,1.1,2.1,87.7,85.4
2023,53,28.2,31,29.4,NULL,NULL,-0.2,1.1,94,96,86,85
2022,48.1,24.2,23.3,17.9,26,18.1,-2,9.6,77.2,80.6,73.1,74.6
2023,42.7,24.6,7.9,14.7,24,24.5,13.1,14,78.9,83.7,84.9,86.9
2023,-11.2,0.8,-29.4,-6.8,-19.7,-4.7,-5.8,-0.6,91.7,85.4,88.6,73.7
2023,13.3,9.4,19.1,10.2,NULL,NULL,-22.2,-37.1,87,84.6,91,92.1
2023,29,15.2,32.4,17.5,NULL,NULL,-1.5,-0.8,96.1,98.1,93.7,96.5
2023,4.2,9,15.8,11,NULL,NULL,13.7,0,96.4,96.4,93.8,94.6
2023,57,31,41,28,42,42,5,0,81,0,0.5,1.3
2023,33.4,4,28.7,2.4,6.6,2.3,NULL,NULL,3.1,1.3,0.6,0.6
2023,67.1,11.8,37.4,3.2,-0.5,-0.3,NULL,NULL,4.4,5.4,1.4,2.4
2023,-9.4,29.8,4.8,25.3,7.1,1.5,37.4,6.1,1,5.6,2.8,29.8
2023,42,13,20,-17,NULL,NULL,NULL,NULL,69,42,NULL,NULL
2023,46,5.8,57,8.7,-30.9,-22.3,10.9,13.9,29,49,0,7
2023,75,56,53,14,-31,0,-2,0,85,88,65,61
2023,20.4,-5.7,-9.6,-30.5,0.1,-52.4,NULL,NULL,81,44,13,19
2023,-15.8,14.4,27.7,17.7,NULL,NULL,NULL,NULL,96.6,95,17,42.3
2023,40.1,23.1,26.7,24.6,73.8,60.6,-12,-0.7,88.5,88.2,65.4,69.6
2023,42.47,29.86,50.62,32.11,15.33,15.26,-14.98,-9.52,39.2,53.4,100,80
2023,42.8,24.42,24.86,19.75,NULL,NULL,NULL,NULL,20,37.9,98.5,73.4
2023,57.2,33.1,26.7,21.3,NULL,NULL,NULL,NULL,88.6,84.4,94.7,97.8
2023,16.01,10.37,11.3,11.51,5.85,2.07,2.53,1.09,84.44,85.81,77.53,76.17
2023,20,11,0,-13,-10,-24,NULL,NULL,25,31,88,83
2023,24,13,14,10,NULL,NULL,NULL,NULL,95,94,98,98
2023,48,23,22,10,NULL,NULL,NULL,NULL,93,95,97,98
2023,47,18,33,23,NULL,NULL,25,20,9,71,84,91
2023,17.1,9.3,5.3,-4.8,13.9,32.2,-2.6,-2.9,85,80,93,85
2023,24.3,10.5,9.1,8.3,-10.8,-6.7,-0.7,0.3,89.1,90.3,90.1,90.9
2023,-27.9,-7.6,-147.1,1.8,0.6,0.6,1.4,2.8,92.1,91.3,3.2,20.1
2023,51.9,12.8,18,1.4,-11.4,-14.9,25.4,33,80.2,73,3.1,3.4
2023,41.7,23.7,23.2,26.9,45.7,67.2,-8.9,-56.4,92.7,93.4,87.8,89.5
2023,5.41,18.88,-21.53,-3.44,-26.32,-24.35,0,0,38.14,41.46,10.31,16.15
2023,39.3,-19.5,39.2,-22.7,-35.5,-105.5,NULL,NULL,27.1,20.8,18.6,17.6
2023,-21.4,17.9,-70.6,9.8,20.2,23.2,29.9,-1.5,80,77.2,13.3,10.2
2023,NULL,9.14,NULL,-10.54,-6.35,-2.89,-8.97,-10.23,NULL,NULL,0.59,0.98
2023,21,18,22,19,-3,19,-70,-57,86,89,82,86
2023,NULL,0.94,NULL,-14.23,-12.28,-16,9.92,2.63,NULL,NULL,NULL,NULL
2023,50.4,16.4,46.6,14.4,NULL,NULL,NULL,NULL,46.63,46.17,0.25,1.04
2023,NULL,3.9,NULL,0.5,15.8,12.3,1.4,2.7,NULL,NULL,19.2,15.8
2023,27.37,8.69,0,3.03,-40,-67.94,-8.78,-11.21,73,75.28,44.33,42.63
2023,NULL,-10.78,NULL,-30.77,13.2,7.61,-1.51,0.13,NULL,NULL,NULL,NULL
2023,27.7,5.7,19.4,-0.4,NULL,NULL,15.2,11.6,90.6,93.4,10.4,35.9
2023,14.3,3.7,-12.9,-3.8,NULL,NULL,14.1,-1.3,65,86,23,14
2023,71,55.5,69,27.6,-66,-4.3,-18.8,-71.5,91.4,86.9,62.3,60.8
2023,-13.2,-1.8,-1,0.02,0.75,0.44,NULL,NULL,72,65,6.3,4.2
2023,31.6,22.4,36.6,29.2,-13.2,7,0,0,100,98.5,98.9,97.8
2023,42,14,54,6,NULL,NULL,-6,0,52,57,78,77
2023,NULL,-9.93,NULL,-17.55,-13.99,-7.63,5.39,9.8,NULL,NULL,0.7,0.8
2023,10.2,2.9,22,-5.3,-16,-24.7,4.3,1.7,87.1,91.6,94.6,93.7
2023,48.1,31.6,12.7,41.5,9.4,16.7,-15.5,-4.2,92,90,NULL,NULL
2023,35.3,6.8,80.2,5.8,-6.8,1.4,-3.9,-5.7,NULL,NULL,NULL,NULL
2023,12.02,8.12,7.86,3.65,0,0,-6.01,1.52,98.98,98.18,92.48,91.14
2023,50,3.91,0,-1.04,-2.24,-1.97,NULL,NULL,20,31,1,1
2023,-5,-8,-2,-8,NULL,NULL,NULL,NULL,13,17,6,9
2023,43,10,36,9,-35,-28,NULL,NULL,77,84,13,13
2023,11.7,0.5,26.9,1.6,1,1.4,NULL,NULL,92.5,94,100,100
2023,40.1,9.8,38,9.1,-42.8,-34.1,21.2,19.7,48.8,31.3,84.5,86.3
2023,48.8,9.8,13.3,5.9,2.6,1.1,NULL,NULL,16.9,15.6,0.4,1.2
2023,26,0.89,77,0.97,NULL,NULL,NULL,NULL,85.17,89.5,NULL,NULL
2023,62,40.1,46.9,27.6,25.6,62.9,33.3,-18.6,81.1,78.1,88.9,88
2023,4.9,9.8,22.6,11.1,29.9,32.1,3.9,2.9,94.9,97,95.3,97.1
2023,20,10.6,11.5,10.9,-140.8,-123.2,-3.7,1.7,97.2,98.9,96.8,98.7
2023,7.2,4.9,0,5.97,10.36,36.32,-0.8,0,44,43,61,63
2023,NULL,-1.22,NULL,-1.49,1.45,0,1.45,0,NULL,NULL,NULL,NULL
2023,-4.6,2.9,-3,11.5,-85.7,-69.4,-2.2,16.5,74.7,83.5,100,100
2023,NULL,-3.63,NULL,-17.09,-14.17,-15.82,5.97,10.03,NULL,NULL,NULL,NULL
2023,59.9,23.4,16.7,23.4,-10.5,-14.7,11.5,10.2,54,57,70,75
2023,52.4,-4.1,100,2.1,-0.9,1,-7.4,-0.9,39,69,NULL,NULL
2023,-36.6,7.7,-8.6,35.8,-0.89,0,16.6,74.9,33.33,55.66,1.48,2.48
2023,NULL,4.44,NULL,3.14,-1.13,-3.6,-5.62,-0.91,NULL,NULL,NULL,NULL
2023,NULL,14.9,NULL,14.5,6.5,1.7,24.1,37.9,NULL,NULL,NULL,NULL
2023,NULL,-3.62,NULL,-9.32,-29.81,-36.8,25.34,22.98,3.92,3.04,NULL,NULL
2023,-9.88,-1.79,7.74,-0.82,-76.55,-76.55,8.86,0.33,97.12,97.93,95.19,98.96
2023,-40.69,5.51,-84.64,19.27,4.01,8.22,-2.49,1.66,88.45,84.7,28.24,51.2
2023,19.4,10.3,15.9,8.9,-2.6,13,NULL,NULL,87,81,24,38
2023,35,20.7,48.3,22.9,17.5,8.3,-1.2,3.4,73,76,88,87
2023,18.8,7,4.7,3.7,NULL,NULL,-13.5,0,71,75,88,85
2023,1,10,21.8,9.2,4,8.4,15.1,12.3,64,58,91,97
2023,NULL,17,NULL,23.8,1,21,27,3,NULL,NULL,NULL,NULL
2023,26.6,14.3,49.9,12.8,17.7,27.7,-6.4,-2,44.4,49.6,85.8,89.4
2023,-0.6,10.6,-3,10.3,2.8,5,-3.8,0,60,50,NULL,NULL
2023,30,13,27,18,NULL,NULL,50,34,90,86,86,81
2023,33.3,14.8,48.9,12.5,NULL,NULL,-107.6,-55.5,11.7,17.9,100,100
2023,19.4,10.2,16.7,10.3,-1,-20.1,4.1,0,68.12,64.6,100,100
2023,NULL,9.5,NULL,,49.6,NULL,NULL,NULL,NULL,NULL,NULL,NULL
2023,NULL,7.74,NULL,11.34,-2.5,8.63,NULL,NULL,NULL,NULL,NULL,NULL
2023,42,28,26,29,21,29,-15,-61,90,89,31,32
2023,25.4,15.3,29.2,17.1,-117.8,-125.7,43.6,4.4,72.3,83.4,80.2,85.6
2023,9.2,10.1,15.5,13,NULL,NULL,-2,0,83.8,85.7,93.3,93.8
2023,38.9,16.9,28,10.5,6.1,7.4,NULL,NULL,91.5,95.9,86.4,91.1
2023,NULL,-15.1,NULL,-20.8,-17.5,-15.5,-12.2,1.8,NULL,NULL,3,8
2022,-7.4,-7.3,-1.6,-7,-14.3,-10.7,5.5,-1.6,86.1,75.9,NULL,NULL
2023,9.5,3.9,3.5,3.5,-32.7,-9.8,13.3,1.1,91,92.5,94,94.4
2023,-13.3,-4.3,-9.6,-4.4,-2.8,-2.5,-28.7,-25.8,89.2,80.7,82.8,79.5
2023,NULL,4.06,NULL,0.7,32.71,17.6,NULL,NULL,NULL,NULL,0.84,2.82
2023,NULL,-6.26,NULL,-20.58,-24.01,-19.94,-6.9,-21.63,NULL,NULL,NULL,NULL
2023,NULL,2.95,NULL,-5.33,-4.08,-2.42,-3.26,2.01,NULL,NULL,NULL,NULL
2023,8,5.5,4.1,5.2,NULL,NULL,1.4,-6.1,92,89,11.9,15.6
2023,18.5,18.2,23,19,58.1,68,5.8,-11.6,98,96,10,16
2023,66.6,29.2,26.5,8.5,NULL,NULL,-43,-57.1,76,64,72.1,50.9
2023,100,38.13,100,46.81,64.03,70.63,37.57,71.51,0,1.86,67.81,44.65
2023,21.8,0.1,53.4,-0.7,-0.7,-0.7,NULL,NULL,5.2,2.6,NULL,NULL
2023,11.7,11.1,5.4,6.9,NULL,NULL,-0.1,1.4,94,94.6,88.6,87.3
2023,-17,-1.6,-54,-0.3,0,0,0.6,0.2,100,100,NULL,NULL
2023,35.9,22.8,18.4,9.5,NULL,NULL,NULL,NULL,81,85.5,21,24.2
2023,NULL,1.22,NULL,2.12,-90.56,-80.88,6.84,3.68,NULL,NULL,NULL,NULL
2023,NULL,-1.54,NULL,1.52,-1.16,4.84,NULL,NULL,NULL,NULL,NULL,NULL
2023,NULL,12,NULL,0,9,-13,20,24,NULL,NULL,NULL,NULL
2023,5.6,-0.28,4.1,6.98,NULL,NULL,11.95,21.5,89,95,53,57
2023,23,21,17,17,NULL,NULL,NULL,NULL,91,96,NULL,NULL
2023,25,13.1,20,13.5,-15.6,-19.5,-25,1,91.5,87.5,100,100
2023,36.4,10.9,17.3,1.7,0,0,14.4,3.6,NULL,NULL,100,100
2023,NULL,4.34,NULL,3.92,38.72,37.57,14.03,38.08,NULL,NULL,NULL,NULL
2023,NULL,3.62,NULL,1.47,-64.3,-58.9,-1.3,1.27,NULL,NULL,NULL,NULL
2023,NULL,9.7,NULL,15.5,37,50.9,0.4,0,NULL,NULL,NULL,NULL
2023,-4.9,6.4,11.3,11.5,9.1,2.6,1,10.3,94.8,96.4,100,100
2023,48,16,22.8,13.2,-65.4,-48.8,-33.8,-29,80.8,81.8,75.3,80.3
2023,NULL,9,NULL,4,NULL,NULL,1.2,2.9,NULL,NULL,NULL,NULL
2023,22.5,4.8,8.2,1.1,-0.1,1.8,NULL,NULL,NULL,NULL,NULL,NULL
2023,5.8,3.4,1.4,0.1,1.1,4.6,1.7,0,79.8,82.2,4.5,5.8
2023,8.2,6.5,0.2,8.3,42.8,41.1,-12.8,-53,98,98.5,97.1,96.5
2023,-9.2,2.7,1.9,9,26.1,26.1,-4.8,-1.3,98.7,99.4,97.1,97.3
2023,49,23.7,45.1,30.2,NULL,NULL,-7.71,0.1,95.2,93.9,93.5,2.9
2022,1.7,1.8,9.1,7.4,-14.8,-14.8,11.3,6.1,95.8,7,89.6,91.6
2022,39.2,22.9,36.9,33,24.1,36.2,-55.6,-11.2,93.8,97.4,84.4,89.1
2023,11,9,15,8,54,53,-61,28,90.3,85.7,90.3,85.7
2023,NULL,5,NULL,-3,9,3,3,2,NULL,NULL,NULL,NULL
2023,9.9,9.6,0,8,-39.9,-31.6,5,5.9,73.2,75.9,95.2,95.9
2023,NULL,15.13,NULL,17.43,10.73,6.69,NULL,NULL,NULL,NULL,NULL,NULL
2023,NULL,1.66,NULL,1.11,-6.03,-1.26,NULL,NULL,NULL,NULL,NULL,NULL
2023,NULL,3.87,NULL,-0.67,-3.52,-1.08,-6.56,-14.69,NULL,NULL,0.27,3.06
2023,39.7,17.7,19.2,8.5,38.5,24.6,5.8,7.4,77.5,79,20.1,20.5
2023,42.5,27.2,33.9,27.3,-1.3,2,51.2,0,24.9,32.9,2.9,3.6
2023,26.97,2.42,-9.22,0.77,NULL,NULL,NULL,NULL,66,34,62.5,37.5
2023,76,41,0,29,NULL,NULL,NULL,NULL,78,86,59,77
2023,18.66,11.87,0,19.64,-67.34,-115.36,-13.6,-0.94,69.84,72.24,13.76,49.55
2023,70.9,43.79,56.23,35.22,NULL,NULL,40.68,40.68,87,89,86,86
2023,NULL,-1.86,NULL,-5.97,-19.45,-11.62,0.48,-0.55,NULL,NULL,0.21,0.97
2023,25.2,4.8,8,7.1,-19,13.7,34.3,22.7,32.9,27.6,0.5,1
2023,NULL,-4.69,NULL,-13.64,-11.29,-7.99,-11.63,-7.99,NULL,NULL,NULL,NULL
2023,NULL,-0.52,NULL,-2.72,-17.78,-8.96,6.96,25.44,NULL,NULL,NULL,NULL
2023,14.76,0.32,-3.35,4.74,-5.88,5.69,-2.12,-6.02,79.96,73.53,20.59,20.92
2023,20.5,10.2,-4.2,2.9,53.2,30,4.3,-0.1,86.9,88.4,100,100
2023,-96,5.9,-18,7.15,17.97,17.81,-41.86,-41.86,71,71,26,12
2023,40,16.2,1.2,13.4,-81.6,-90.9,-2,1.1,34.6,30.5,100,100
2023,NULL,5.46,NULL,-3.22,2.59,-3.13,20.24,32.17,NULL,NULL,NULL,NULL
2023,54.5,26.3,29.2,22.5,-50.9,-30.8,-3.1,-31.3,94.6,87.1,95.2,88.8
2023,NULL,4.97,NULL,0,9.6,25.73,-3.39,-1.41,NULL,NULL,NULL,NULL
2023,NULL,-3.91,NULL,-16.05,-6.75,-2.46,24.38,4.86,NULL,NULL,NULL,NULL
2023,-5.5,7,0,2.8,2.5,1.7,0.7,-0.9,3.3,3.4,26.4,27.7
2023,NULL,-3.02,NULL,-16.7,-14.48,-9.84,26.82,25.28,NULL,NULL,NULL,NULL
2023,-48.61,4.95,-21.83,4.57,NULL,NULL,NULL,NULL,45.45,36.19,4.55,5.24
2023,70.6,35.8,11.2,4.8,-6.4,9.4,NULL,NULL,90.4,87.8,91.2,95.3
2023,NULL,11.09,NULL,25.81,-79.31,-68.14,-17.82,-16.05,NULL,NULL,2,4
2023,55,56,64,26,12,7,1,1,64,52,58,54
2023,20,12.6,6.1,12.4,NULL,NULL,NULL,NULL,82.7,80.6,94.5,92.9
2023,NULL,9.99,NULL,10.6,13.9,2.88,7.12,9.69,NULL,NULL,0.13,0.4
2023,NULL,-1.99,NULL,-8.96,-2.55,-2.78,15.25,6.67,NULL,NULL,NULL,NULL
2023,47.7,13.7,25.5,0.3,-155.4,-87.7,-0.2,0.5,85,84,54,50
2023,51.2,33.7,30.8,25.3,17.4,3.3,NULL,NULL,90.9,90.3,10.5,25.7
2022,55.69,37.14,33.41,56.92,27.23,0.97,NULL,NULL,85.93,86.05,9.1,32.56
2022,25.38,10.96,9.9,3.02,-2.48,0.84,NULL,NULL,85.37,83.64,6.18,5.57
2023,73.6,26.7,27.6,9.1,8.5,-3.8,NULL,NULL,79.6,86,19.8,16.4
2023,36.3,14.3,12.1,6.4,-8.1,-4.5,NULL,NULL,87.7,88.6,6.2,6.7
2023,NULL,6.56,NULL,-0.31,-11.26,-5.48,-32,-50.72,NULL,NULL,NULL,NULL
2023,36.7,20.6,0,23.8,25.6,33.6,29.5,35.6,82,87,100,100
2023,8.8,13.8,22.3,18.7,NULL,NULL,NULL,NULL,97.9,98,86.5,91.8
2023,54.51,13.16,50,12.44,NULL,NULL,NULL,NULL,19.84,80.16,NULL,NULL
2023,NULL,24.14,NULL,0.08,7.79,-31.52,NULL,NULL,NULL,NULL,0.07,1.34
2023,41.7,14.5,20.9,10,NULL,NULL,15.2,27.8,99.3,99.8,100,100
2023,1.6,3,3,7.8,NULL,NULL,NULL,NULL,89.8,87.9,91.6,91.8
2023,41.6,5.6,-17.3,1.8,0.4,1.5,NULL,NULL,2.2,4.2,0.8,2.8
2023,NULL,-3.01,NULL,-13.84,-14.82,-12.88,33.47,34.27,NULL,NULL,NULL,NULL
2023,12.28,9.65,8.15,12.62,-9.55,-24.45,21.96,41.67,95.1,96.1,100,100
2023,40.8,4.1,0,-0.6,-4.4,-1.1,0,0,48,39,0.2,1.6
2023,-5.6,-10,-5.5,-19.3,-50.3,-19.5,-3.5,-4.5,89.2,94.2,12,9
2023,35.1,12,16,9.6,4.8,6.5,2.3,1.6,88.8,90.3,1,2
2023,14.5,38.4,14.4,41.4,42.3,57.2,28.3,60,NULL,NULL,NULL,NULL
2023,NULL,1.58,NULL,-3.67,-13.31,-14.17,4.46,4.41,NULL,NULL,NULL,NULL
2023,19,17.2,24.3,13.5,6.5,-59,0.4,5.7,35.5,38.3,28.7,45.1
2023,37.3,12.8,9.3,5.2,1.3,22.4,9,0,99.4,98.3,91,88.6
2023,5.29,-2.05,0,-2.08,NULL,NULL,NULL,NULL,18.66,18.35,10.09,11.82
2023,NULL,-4.18,NULL,-11.43,-16.42,-16.93,-28.29,-31.91,NULL,NULL,NULL,NULL
2023,NULL,16.34,NULL,16.91,NULL,NULL,-9.84,-5.73,NULL,NULL,NULL,NULL
2023,NULL,10.15,NULL,13.79,NULL,NULL,4.7,8.68,NULL,NULL,NULL,NULL
2023,NULL,-2,NULL,-11,4,-11,10,10,NULL,NULL,NULL,NULL
2023,24.3,16.5,39.4,16.8,-4.9,-6.9,24.3,39.4,99.7,99.4,100,100
2023,52.37,23.74,34.52,21.9,-14.6,-15.86,-18.29,-62.05,76,69,84,79
2023,48,16.3,NULL,9.2,-26.6,-55.5,4.5,3.9,14.6,7.1,57.5,49.5
2023,0,19,NULL,0,-8,-18,NULL,NULL,NULL,NULL,NULL,NULL
2023,8.6,10.5,-5.8,8.3,NULL,NULL,NULL,NULL,92.9,93.4,91.1,93
2023,51,25,0,29,NULL,NULL,NULL,NULL,100,100,13,57
2023,49.6,30.3,36.2,31.4,13.7,26.7,28.5,0.3,91.5,93.3,91.5,93.9
2023,6.4,1.6,-7.3,-7.8,39.8,57.9,-0.4,-0.3,56,56.8,96.6,95.8
2023,22.6,15.5,-6.6,5.9,NULL,NULL,2.7,0,77.1,82.6,85.9,90.6
2023,NULL,20.47,NULL,25.33,6.12,7.18,26.06,2.32,NULL,NULL,NULL,NULL
2023,15.64,5.7,17.1,5.4,12.4,8.8,22.5,16.2,79.07,87.97,11.63,18.91
2023,NULL,2,NULL,0,1.8,0,NULL,NULL,NULL,NULL,NULL,NULL
2023,22.8,19.7,16.9,26,10.9,23.8,36.3,43.4,2.5,7.5,NULL,NULL
2023,NULL,8.41,NULL,5.94,10.46,20.32,10.8,39.86,NULL,NULL,NULL,NULL
2023,45.5,26.1,44.3,31,NULL,NULL,NULL,NULL,94,87.6,58.2,56.9
2023,19.4,8.9,-5.1,5.6,-137.1,-194.3,-2.5,-8.1,87,91.1,84.8,88.9
2023,3,29,14,30,NULL,NULL,NULL,NULL,47,53,NULL,NULL
2023,11.5,12.2,33.3,10,NULL,NULL,NULL,NULL,93.8,85.2,36.6,82
2023,NULL,1.91,NULL,-6.15,-14.42,-16.86,-5.99,0,NULL,NULL,NULL,NULL
2023,33,2,1,0,0,0,0,-1,62,56,12,13
2023,NULL,0.1,NULL,-9.1,-2.9,-0.5,5,4.9,NULL,NULL,68,56
2023,-6.17,9.94,12.5,12.78,1.48,3.23,-26.15,4.09,6.7,8.7,2,5
2023,NULL,-9.92,NULL,-18.51,-27.14,-27.92,-28.72,-22.74,NULL,NULL,6.26,11.85
2023,52.3,24.4,44.6,24.4,21.3,8.5,-1.2,16.2,69.4,78.3,68.9,65.9
2023,-49.5,-18.1,10.1,0.8,NULL,NULL,NULL,NULL,99,99,100,100
2023,17.4,12.1,15.6,11.8,-7.2,-4.4,6.7,5.8,90.8,93.7,87.8,85.8
2023,-32.4,4.8,0,13.7,-13,-6.1,10.7,4.8,84.6,83.5,21,13
2023,35.2,8.68,16.56,4.05,0.44,-11.81,-84.46,-84.46,96.64,96.43,8.4,10.71
2023,2.3,6,9.9,7.4,-19.9,-1.5,-12.6,-13.7,91.5,97.2,86.8,80.2
2023,NULL,11,NULL,18,3,1,0.1,2,NULL,NULL,NULL,NULL
2023,NULL,12.68,NULL,15.05,5.68,0,19.84,18.68,NULL,NULL,NULL,NULL
2023,47.54,8.78,14.31,4.37,1.38,2.12,6.75,0.6,71.37,67.61,6.17,6.41
2023,-37.61,4.24,0,8.15,-45.15,-59.34,4.31,11.78,80.43,82.56,5.07,4.42
2023,NULL,1.88,NULL,-1.16,-8.4,-2.44,5.41,1.84,NULL,NULL,0.05,0.03
2023,-2.9,2.6,-2.3,-0.6,NULL,NULL,NULL,NULL,95.8,94.5,100,100
2023,NULL,-4.8,NULL,-16.6,-11.81,-2.99,-10.38,-44.52,NULL,NULL,0,0.12
2023,4.5,5.1,8.1,-0.4,-2.8,-0.9,NULL,NULL,20.9,18.9,8.6,6.8
2023,30.7,32.3,23.8,40.7,1.1,-0.4,31.5,25,NULL,NULL,100,100
2023,NULL,16.23,NULL,16.52,NULL,NULL,2.78,1.89,NULL,NULL,0,0.53
2023,15.2,8,1.2,0.4,NULL,NULL,-0.8,-9,91.9,88.6,82.9,78.4
2023,NULL,4,NULL,2,-6,-6,5,3,NULL,NULL,NULL,NULL
2023,36.1,31,0,47.4,-26.4,-19.9,-51.6,-25.9,71.6,59,NULL,NULL
2023,89.7,29.7,0,5.3,-9.1,0.9,-9.1,15,89.4,90.7,5.9,9.7
2023,69.3,38.2,72.4,60.7,36.6,31.7,34.3,34.3,78.4,79,NULL,NULL
2023,38.7,43.3,0,44.3,35.7,18.2,-1.8,0,75,77.3,1.2,10.6
2023,36.9,20.5,37.4,25.2,-49.1,-76,-151.9,-74,86,92.2,46.5,65.4
2023,NULL,14.78,NULL,12.04,33.68,27.72,10.8,9.57,NULL,NULL,NULL,NULL
2023,NULL,9.36,NULL,7.32,6.16,5.62,1.97,-1.16,NULL,NULL,0.1,0.29
2023,NULL,11.5,NULL,11,10,2,13,20,NULL,NULL,NULL,NULL
2023,19,11,5.5,4,NULL,NULL,-8,-9,93,87,71,58
2023,34.3,2.75,38.28,-6.47,6.38,-46.23,22.12,22.12,74.1,67.08,8.63,28.31
2023,-16.94,17.38,-20.84,27.15,23.72,50.44,20.52,18.51,59.46,54.65,89.19,83.87
2023,47,8.3,16.6,7.6,-15.2,-6.8,18.4,26.7,93,95,69,78
2023,34,21,20,20,51,50,28,0,89,90,96,95
2023,23.7,5.1,16.8,12.6,-21.6,-11.3,1.7,-40.2,94,95,95,96
2023,NULL,2.09,NULL,-4.92,-5.43,16.28,-1.48,-12.73,NULL,NULL,0.58,1.46
2023,NULL,-1.61,NULL,-10.64,-9.81,-2.38,-8.03,-4.93,NULL,NULL,NULL,NULL
2023,NULL,-0.51,NULL,-10.04,2.38,15.7,24.56,11.93,NULL,NULL,NULL,NULL
2023,NULL,-5.23,NULL,-5.77,-1.9,18.34,-8.17,-1.22,NULL,NULL,0,1.03
2023,1.3,-6.6,0,-6.8,-10.2,-10.5,-20.7,0,89.2,88.3,86,77
2023,28.8,8.15,-35.4,1.6,-2.5,-35.4,NULL,NULL,78,86,30,30
2023,51,9.1,15,2,NULL,NULL,NULL,NULL,26,15,95,97
2023,28,24,15,30,45,55,2,-5,100,100,88,94
2023,12.89,10.2,14.1,14.1,NULL,NULL,NULL,NULL,68.89,67.74,77.22,75.27
2023,32.6,20.4,16.2,16.1,NULL,NULL,31.8,9.1,96.2,95.6,95.7,95
2023,13.1,13.2,7.5,9.7,NULL,NULL,NULL,NULL,82.1,79.3,93.8,88.8
2023,-51,5,-34,16,-63,7,2,23,73,77,36,29
2023,15.7,10.2,5.9,7.5,-30.2,-26,8.2,2.2,81.9,79.1,84,82.2
2023,41.79,13.9,0,1.58,-5.51,-3.07,25.76,26.03,38.45,40.06,1.71,0.06
2023,66,52,46,31,NULL,NULL,NULL,NULL,86,92,86,93
2023,14.7,21.5,31.3,23.7,NULL,NULL,NULL,NULL,96.8,97.6,100,100
2023,-3.9,12.49,0,2.56,2.15,1.24,-14.47,-24.38,9.7,7.8,16.1,21.5
2023,32.08,19.72,27.84,16.2,-8,-7.53,7.04,1.72,85.98,88.14,69.6,78.42
2023,68,39.8,25,16.1,30.5,30.8,19.2,-0.7,96.8,92.3,96,96.2
2023,NULL,4.86,NULL,3.87,-10.5,-6.51,NULL,NULL,NULL,NULL,NULL,NULL
2023,NULL,3.1,NULL,-9.6,-6.47,-21.57,-2.07,-1.25,NULL,NULL,NULL,NULL
2023,58.68,8.15,63.77,0.46,0.85,0.78,NULL,NULL,21,15,4.1,3
2023,46,21.5,29.1,18.4,NULL,NULL,NULL,NULL,79.1,77.2,96.9,95.7
2023,7.3,-7.2,4.8,-5.6,17.1,9,-6.7,-10,93,94.1,91.1,94.5
2023,1,5,0,6,NULL,NULL,NULL,NULL,77,80,NULL,NULL
2023,15.9,11.4,-23.8,-1.1,NULL,NULL,NULL,NULL,92,94.2,99.2,99.4
2023,-29.26,-10.15,-14,-14.57,-14.57,-23.23,55.65,61.55,38.59,37.09,10.37,7.69
2023,24.3,19.5,15.3,23.6,NULL,NULL,42.6,43.7,88,90,90,77
2023,26,11,26,16,NULL,NULL,-6,-14,86,86,98,98
2023,5.58,-14.34,0,-11.77,-39.89,-66.77,-81.78,-84.48,86.72,60.88,100,100
2023,NULL,10.86,NULL,11.78,11.01,-4.7,-8.03,-4.47,NULL,NULL,NULL,NULL
2023,40,17,24,21,8,12,NULL,NULL,100,98,56,61
2023,68.7,19.7,-29.4,6.7,0.4,0,4.8,0,6.7,9.2,NULL,NULL
2023,65.3,10.6,6.9,-1.1,-5.2,-3.1,35.8,33.9,83,77,100,100
2023,95,12.9,8.3,-3.7,-6.7,-1.2,NULL,NULL,7.2,11.8,55.6,42.9
2023,26.9,8.3,11.1,0.5,-31.4,-2.5,0.2,8.6,91.6,92.5,93.4,85.4
2023,59.4,23.9,38.3,6.9,-50.9,-53.3,0.5,0.3,69.8,58,35.3,42.8
2023,9,18,8,27,NULL,NULL,20,20,98,98,91,93
2023,NULL,6,NULL,4,4,11,NULL,NULL,NULL,NULL,NULL,NULL
2023,44.87,9.94,4.92,1.11,NULL,NULL,7.69,2.36,90.4,87.6,86.5,84.2
2023,-81.72,-0.96,0,6.32,0.93,0.93,100,100,100,100,NULL,NULL
2023,40,19,29,17,NULL,NULL,NULL,NULL,94,94,92,92
2023,37.6,20.4,48.6,25.3,NULL,NULL,NULL,NULL,97.9,97.4,100,100
2023,3.1,7.9,5.9,11.6,-67.9,-67.9,NULL,NULL,78.4,84.2,59.5,66.7
2023,31.98,8.8,16.12,13.07,NULL,NULL,NULL,NULL,92.71,91.39,83.68,88.28
2023,74.95,11.89,5.78,6.69,-91.17,-86.71,29.7,-28.33,86.86,77.63,77.71,72.81
2023,72.5,33.1,62.8,9,-7.3,0.1,17.5,6.6,50,59,14,24
2023,13.88,8.73,0,8.72,12,-40,NULL,NULL,47.65,48.05,35,24.25
2023,37.03,18.46,0,24.56,20.04,15.26,16.32,37.12,85.78,83.33,31.25,26.54
2023,21.1,5.3,14.3,1.1,-7.9,-2.7,2.1,0.5,91.8,88.9,NULL,NULL
2023,11.5,6.2,7,4.2,-59.2,-66.4,NULL,NULL,77,79,93,97
2023,NULL,4.95,NULL,4.89,-14.68,-16.75,NULL,NULL,NULL,NULL,NULL,NULL
2023,51,32,59,30,NULL,NULL,0,-31,74,77,80,84
2023,0,-9,-27,-1,-16,2,NULL,NULL,84,80,26,27
2023,NULL,-20.88,NULL,-19.16,-2.51,-58.06,-0.33,0,NULL,NULL,NULL,NULL
2023,50,45,6,4,32,-22,-27,-71,76.28,26.76,NULL,NULL
2023,82,49,54,23,-29,23,-52,23,69,69,69,75
2023,-29.1,-10.6,-161.1,-13,21.8,35.4,16.9,21.3,73.2,84.6,27.4,14.9
2023,9.3,6.8,-6.1,6.3,NULL,NULL,-2.2,-1.2,93.3,94.5,77.5,79.7
2023,NULL,2.52,NULL,-1.5,-11.38,-4.86,1.58,2.1,NULL,NULL,NULL,NULL
2023,NULL,9.7,NULL,9.7,18.2,13.4,-4.3,-6.6,NULL,NULL,NULL,NULL
2023,NULL,10.7,NULL,10.3,1.8,1.6,-13.1,-0.8,NULL,NULL,NULL,NULL
2023,NULL,8.8,NULL,11,9.4,8.5,2.8,2.8,NULL,NULL,0.37,0.52
2023,32.3,19.9,33.3,18,NULL,NULL,NULL,NULL,90.8,92.4,96.9,98.4
2023,55.7,31.1,39.6,19.5,63.4,67,25.6,0.2,89,91.6,32.7,44.4
2023,52,30,35,34,NULL,NULL,NULL,NULL,86,90,97,96
2022,NULL,23.01,NULL,4.35,57.57,43.5,18.69,26.24,NULL,NULL,NULL,NULL
2023,-43.9,11.9,-165.2,16.8,13.7,33.4,NULL,NULL,31,64,1,1
2023,41.4,21.3,30.8,24.8,-20.9,-22.1,-0.4,-0.2,46.5,58.2,91.4,85.2
2023,17,10,3,4,-33,-7,-8,-21,88,88,99,99
2023,-16.1,4.1,1.9,14.2,-91.9,-71.7,-11.5,-3,83.7,88.8,87.1,93.6
2023,3.9,1.6,-2,-5.5,-8.5,12.5,15.6,15.2,55,52,3,3.8
2023,16.1,10.73,9.72,2.73,NULL,NULL,NULL,NULL,94.57,94.7,100,100
2023,40,5.4,18,3.7,NULL,NULL,NULL,NULL,88,88,NULL,NULL
2023,23.4,18,9.4,13.9,NULL,NULL,18.2,-0.6,81.3,83.9,92.3,94.4
2023,24.2,18.6,8,14.2,NULL,NULL,18.6,-0.1,80.4,83.6,91.9,94.3
2023,62.4,26.6,41.2,16,30.6,44.3,-10.9,-8.8,89.8,85.8,11.5,14.4
2023,NULL,18.54,NULL,-2.37,59.53,50.34,3.92,16.54,NULL,NULL,NULL,NULL
2023,NULL,8.2,NULL,3.5,-0.6,-9.8,1.6,0.6,NULL,NULL,NULL,NULL
2023,14.4,11.6,9.5,7.9,13.4,3.4,-6.3,1.7,89.4,89.5,65.8,63.2
2022,34.95,38.08,4.51,20.95,3.41,3.07,-0.83,-3.03,62.82,74.73,1.11,8.6
2023,28.9,14.7,-11.3,8.9,1.5,-56.5,8,-3.4,52,62,9,14
2023,NULL,12.03,NULL,23.1,31.2,72.3,1.8,7.9,NULL,NULL,NULL,NULL
2023,15.3,4.6,18.3,1.2,1.4,0.3,NULL,NULL,10.1,15.4,2.5,3.7
2023,37,9,37,12,-35,-32,-12,-1,93,96,96,99
2023,57.1,15.2,40.2,-1.8,-5.9,-8.6,-0.6,0.5,9.6,16.5,11,18.6
2023,27,10.8,28.7,11.8,24.1,50.8,42.4,50.8,97.1,98.3,97.8,97.8
2022,NULL,4.56,NULL,2.02,9.21,14.8,NULL,NULL,NULL,NULL,NULL,NULL
2023,NULL,4.32,NULL,0.97,-5.09,-0.24,NULL,NULL,NULL,NULL,NULL,NULL
2022,NULL,3.84,NULL,0.63,-5.09,-2.61,NULL,NULL,NULL,NULL,NULL,NULL
2022,NULL,0.8,NULL,8.76,-12.34,40.74,NULL,NULL,NULL,NULL,NULL,NULL
2022,NULL,-1.66,NULL,-9.2,-10.64,-16.94,0.96,-5.22,NULL,NULL,NULL,NULL
2022,30.1,17.1,46.7,25.7,-32,-52,-41.3,-16.6,39,36,93,89
2022,33,22.6,33.5,19.6,16,0.2,NULL,NULL,77,83.7,81.4,87.8
2023,32.9,21.9,41.2,2.05,-22.6,2.9,NULL,NULL,97.9,98.6,99,99.7
2022,13.51,2.83,2.96,1.45,0.33,-4.43,10.8,-0.08,86.83,82.09,0.3,0.37
2022,NULL,9.7,NULL,7.7,7.5,15.1,9.5,16.2,NULL,NULL,NULL,NULL
2023,NULL,9.6,NULL,12.6,12.5,10.1,13.4,25.9,NULL,NULL,NULL,NULL
2022,40.9,25.1,34.6,25.2,72.1,82.8,1.2,-0.8,84.6,87.4,77,74.4
2023,43.4,22.1,27,21.9,74.1,76.2,-10.8,-5.5,89.9,88,68.5,71.1
2022,26.5,14.3,17,8.8,0.8,-15,NULL,NULL,89,90,18,21
2023,17.5,11.3,1.3,-0.5,-2.2,-8,NULL,NULL,91,89,17,20
2022,71,12.8,0,-2.6,-0.1,-4.2,-4.7,-2,93.9,85.6,22.3,17.3
2022,49.13,6.74,0,-1.53,-3.54,4.58,8.58,21.1,83.9,78.7,45.51,39.91
2023,35.62,8.96,0,-3.15,18.1,-30.3,0.07,12.82,78.41,73.63,47.34,42.19
2023,12,9,-115,8,-110,-107,100,100,98,97,95,98
2022,NULL,15.15,NULL,-5.19,13.28,-34.54,12.71,-14.56,NULL,NULL,0.03,0.74
2022,63.29,27.94,36,4.41,-2.5,-3.26,4.24,0.25,85.63,80.48,0.62,2.39
2023,67.56,17.96,33.15,4.28,-12.59,-11.27,-0.64,2.04,83.27,75.84,0.65,2.23
2023,60,13.5,19.5,2,-1.7,0.2,NULL,NULL,55.3,44.7,3.8,4.4
2022,NULL,19.75,64.15,3.65,-3.83,-0.59,NULL,NULL,50.86,49.14,NULL,NULL
2022,NULL,-3.13,NULL,-7.05,-8.7,-10.09,-4.7,-12.09,NULL,NULL,NULL,NULL
2023,NULL,-3.48,-8.09,-8.099,-9.41,-14.95,-3.85,-4.87,NULL,NULL,NULL,NULL
2022,7.2,-10.2,0,-5.6,6.2,25,0.9,4.8,15.1,48.6,2.2,3.2
2023,7.3,-11.8,0,-9.8,-10.4,-22.8,9,18.2,88.1,91.2,7,17
2022,63.1,0.69,18.45,3.87,NULL,NULL,NULL,NULL,52,76,7,3
2022,NULL,3.31,NULL,-0.46,1.45,1,NULL,NULL,NULL,NULL,NULL,NULL
2023,NULL,4.11,NULL,-1.04,2.5,0.06,NULL,NULL,NULL,NULL,NULL,NULL
2022,NULL,6.54,NULL,5.69,-13.88,6.5,NULL,NULL,NULL,NULL,NULL,NULL
2022,NULL,-16.89,NULL,-28.96,0,-46.3,-3.3,-7.73,NULL,NULL,NULL,NULL
2022,NULL,1.25,NULL,-1.2,-4.06,-3.41,-1.67,3.01,NULL,NULL,NULL,NULL
2022,NULL,0.7,NULL,24.53,17.8,19.36,NULL,NULL,58.6,61.3,NULL,NULL
2022,NULL,-3.34,NULL,-3.61,-19.48,-32.14,4.91,2.4,NULL,NULL,NULL,NULL
2022,0,14.72,0,13.34,NULL,NULL,NULL,NULL,100,100,84,86
2023,0,12.11,0,6.83,NULL,NULL,NULL,NULL,100,100,75,75
2022,NULL,4.95,NULL,3.15,-7.08,-0.54,NULL,NULL,NULL,NULL,NULL,NULL
2022,65,10,75,4,NULL,NULL,NULL,NULL,5,6,0,2
2022,35.06,3.45,0,-17.41,NULL,NULL,NULL,NULL,63.03,70.27,42.65,32.42
2022,6.46,8.17,-304.2,-120.17,11.8,24.5,8,14.9,8.21,12.52,0.28,1.96
2023,7,7,20,3,-0.85,-108,25,19.53,5.7,9.03,0.44,2.14
2022,8,19,-34,21,NULL,NULL,NULL,NULL,5,14,50,25
2022,31,6,11,1,-46,-44,NULL,NULL,55,56,70,59
2023,33,5,14,-4,NULL,NULL,31,42,79,87,86,76
2022,64.9,29.5,58.7,31.6,0,0,NULL,NULL,80.4,73.9,9.8,22.9
2023,24.1,37.1,-10,38.4,NULL,NULL,NULL,NULL,83.3,86.8,NULL,NULL
2022,18.6,23.3,-3.9,0,-1.9,0.6,-0.6,0,85.9,85.4,57.8,54.3
2022,66.67,1.26,66.67,-0.66,-3.29,-1.86,0,0,0.29,0.27,0.57,3.01
2022,0,-5.32,0,-15.49,-14.5,-12.78,0,0,NULL,NULL,NULL,NULL
2022,18,23.25,28,13.52,14.7,18.9,NULL,NULL,NULL,NULL,NULL,NULL
2022,37.37,4.07,-11.11,-5.69,-25.26,-46.18,0,0,57.89,58.7,12.28,8.26
2022,49,15.73,22.6,20.43,NULL,NULL,NULL,NULL,98,97,NULL,NULL
2022,33.75,-1.12,8.82,-17.64,-13.88,-5.61,NULL,NULL,48,47,44,38
2022,31.52,3.46,41.02,0,NULL,NULL,NULL,NULL,38.78,37.33,NULL,NULL
2022,NULL,8.59,NULL,4.3,18.65,-0.83,-22.31,-18.14,NULL,NULL,NULL,NULL
2022,14.2,8.3,5.3,1.4,NULL,NULL,NULL,NULL,90.3,95.1,0,2.4
2022,0,2.7,0,2.29,13.6,6.8,NULL,NULL,NULL,NULL,NULL,NULL
2023,NULL,1.98,NULL,0.78,6.93,1.69,NULL,NULL,NULL,NULL,NULL,NULL
2022,9.35,7.46,-1.95,7.37,NULL,NULL,-0.48,-4.5,68,82,89.5,93.7
2022,38.75,20.4,27.49,22.93,21.29,28.46,25.21,13.34,94.12,93.3,94.12,90.91
2023,41.18,24.82,28.54,28.18,55.08,58.28,31.71,40.98,92.97,97.35,93.75,91.53
2022,11.5,14.4,22.7,10.1,-34.2,-24.1,5.9,3.1,71.7,74.7,42.1,40.9
2023,17,20.5,20,21,-11,-11,38,28,93,85,41,39
2022,48.2,22.7,20.6,0,0,0,2.8,0,100,100,100,100
2022,41,11,25,3,-4,1,2,0,34,40,10,12
2023,41.5,13.9,14.1,1.16,1.11,0.59,NULL,NULL,NULL,NULL,NULL,NULL
2023,NULL,9.7,NULL,8.4,-11.7,-12.8,NULL,NULL,87,86,53,53
2022,NULL,11.3,NULL,7.6,NULL,NULL,NULL,NULL,79,77,53,53
2022,33.9,27.6,26.1,19.7,-17.5,-17.5,NULL,NULL,83,84,82,86
2023,6.7,20.5,33.3,21.9,NULL,NULL,NULL,NULL,89.9,92.9,91.1,95.4
2022,82.78,32,0,34,NULL,NULL,NULL,NULL,12.54,72.83,3.93,96.07
2022,-7.99,3.17,0,3.98,5.09,16.79,-2.46,-11.01,91.56,94.54,94.48,96.32
2022,-1.44,15.79,6.46,21.56,7.52,0.97,34.64,11.46,97.77,97.66,99.26,99.22
2022,-3.58,7.76,-10.84,12.74,-83.79,-10.3,-13.82,3.89,90.7,88.52,97.51,96.07
2022,-5.52,8.22,13.19,16.31,NULL,NULL,-8.07,-11.17,85.84,91.41,94.98,95.88
2022,18.5,-13.4,11.9,-14.7,NULL,NULL,NULL,NULL,NULL,NULL,NULL,NULL
2022,18.5,23.6,11.9,31.6,58.6,59.1,-22.8,0,NULL,NULL,NULL,NULL
2022,29.08,9.18,-170.39,8.79,0,0,0,0,40,41,2,11
2022,67.06,26.11,-10.25,17.76,34,64,0,0,36,58,2,8
2022,57.87,6.84,71.84,8.27,100,100,0,0,64,77,3,3
2022,47.39,14.76,63.13,10.76,0,0,0,0,75,71,34,8
2022,41.82,4.04,38.34,12.29,100,100,0,0,70,83,3,11
2022,37.8,8.45,51.7,11.37,0,0,0,0,79,92,0,0
2022,NULL,-11.16,NULL,-5.7,-49.78,-1.54,NULL,NULL,NULL,NULL,NULL,NULL
2022,NULL,4.25,NULL,0.56,39.2,2.38,NULL,NULL,NULL,NULL,NULL,NULL
2022,NULL,12.54,NULL,6.97,23.2,11.32,NULL,NULL,NULL,NULL,NULL,NULL
2022,NULL,20.06,NULL,2.59,38.62,-12.73,NULL,NULL,NULL,NULL,NULL,NULL
2022,NULL,3.57,NULL,5.51,-6.31,-4.06,NULL,NULL,NULL,NULL,NULL,NULL
2022,NULL,0.82,NULL,2.17,49.2,5.53,NULL,NULL,NULL,NULL,NULL,NULL
2022,NULL,10.59,NULL,0.91,22.9,-3.2,5.6,9.26,NULL,NULL,NULL,NULL
2022,NULL,4.73,NULL,4.98,-0.09,0.02,3.64,0.01,NULL,NULL,NULL,NULL
2022,-644,7.7,-68,4.6,5.5,3.6,NULL,NULL,5,9,9,1
2022,NULL,29.8,NULL,26.3,NULL,NULL,NULL,NULL,97.2,98.3,15,85
2023,-100.33,-19.3,-100,-1.82,1.75,0.39,-38.03,0,10.83,9.92,1.26,1.53
2022,-100.33,-19.3,-100,-1.82,1.75,0.39,-38.03,0,10.83,9.92,1.26,1.53
2022,70.2,18.1,62.4,7.2,NULL,NULL,NULL,NULL,6.8,6.2,NULL,NULL
2022,30.65,27.62,5.26,36.03,0,0,-11.76,-18.16,61.4,58.3,3.5,3.3
2022,-0.3,1,0,0,NULL,NULL,NULL,NULL,20.6,14.6,NULL,NULL
2022,5.31,-2.69,-100,-8.74,NULL,NULL,NULL,NULL,NULL,NULL,NULL,NULL
2022,66.2,34.7,43.8,31.9,-22.8,18.1,-6.2,-11.1,86.1,87.1,94.4,95.7
2022,74.03,40.61,31.39,31.94,NULL,NULL,-38.34,-28.08,92.9,77.35,84.7,83.43
2022,-157.4,5.4,-892.6,14.3,-16.4,-4.4,NULL,NULL,16,20,27,8
2022,6.7,7,37,0.3,41.7,29.4,NULL,NULL,51,53,6,6
2023,18.8,10.2,17.9,2.9,NULL,NULL,NULL,NULL,89.3,61.5,8.7,7.7
2023,71.4,14.4,41.76,2.25,160.7,63.4,NULL,NULL,14.7,12.2,16.9,7.6
2022,16.73,14.8,0,10.1,0.68,NULL,NULL,NULL,95.7,96.3,18.6,23
2022,NULL,-3.39,NULL,-3.21,-3.23,-1.48,-9.9,-14.8,NULL,NULL,NULL,NULL
2022,NULL,31.09,NULL,8.91,57.57,62.33,45.91,37.68,NULL,NULL,0.35,2.73
2022,17.9,0.79,10.61,-1.31,-48.86,-48.89,0.08,-1.65,NULL,NULL,27.7,26.2
2022,NULL,5.91,NULL,4.55,-0.83,0,NULL,NULL,NULL,NULL,2.72,2.75
2022,34.2,4.2,-46.6,-1.5,-3.4,-1.9,-5.1,6.6,99.4,99.2,1,1.6
2022,38.71,14.95,49.35,10.66,-0.52,1.28,NULL,NULL,NULL,NULL,NULL,NULL
2022,38.8,17.6,57.1,18.6,71,70.2,3.6,-1.9,75.1,75.3,90.8,88.2
2022,10.4,3.4,20.3,7.5,28.7,35.2,5.2,5.3,84.9,70.2,13.6,10.2
2022,8.9,2.9,20,7.5,35.4,35.4,5.2,5.3,84.8,70.4,13.9,10.1
2022,11.92,7.72,-25,3.04,10.39,12.52,2.4,0.66,50.43,45.5,30.77,33.39
2023,1.01,1.88,-10,-4.74,-22.02,-20.21,-18.77,-0.71,61.24,67.08,55.81,50.27
2022,32.53,31.86,28.98,66.49,NULL,NULL,NULL,NULL,87.33,88.36,NULL,NULL
2022,NULL,11,NULL,8,NULL,NULL,NULL,NULL,NULL,NULL,NULL,NULL
2023,NULL,,NULL,10,NULL,NULL,NULL,NULL,NULL,NULL,NULL,NULL
2022,48.74,18.58,36.8,18.09,NULL,NULL,NULL,NULL,91,87,86,85
2023,49.5,26.7,48.2,27.8,NULL,NULL,NULL,NULL,90,88,91,91
2022,0,25.97,0,9.19,0,0,39.29,3.78,0,0,0,0
2022,NULL,3.3,NULL,-0.2,-12.7,-10.3,12.2,7.8,NULL,NULL,NULL,NULL
2022,NULL,8.07,NULL,-19.8,-36.89,-48.49,-15.07,8.74,NULL,NULL,NULL,NULL
2022,-5.3,5.9,-7.6,-2.1,-66.1,-68.21,-12,-27.8,90,89,96,94
2023,-5.6,5.8,-12.7,-4.5,-5.2,-48.7,2.3,2.6,87,88,94,95
2022,-24.5,5.35,25.44,20.24,NULL,NULL,NULL,NULL,NULL,NULL,NULL,NULL
2022,9.7,0.4,6.5,-0.1,-3.3,-2.1,-1.3,-3.7,5.3,8.7,0,1.3
2022,NULL,1.16,NULL,2.48,-1.22,-0.29,-26.14,5.07,NULL,NULL,NULL,NULL
2022,0,21.63,0,11.08,-26.98,-1.94,2.55,24.33,NULL,NULL,0.71,3.27
2022,0,-0.1,0,-20.45,-0.64,-32.72,11.25,-15.96,NULL,NULL,NULL,NULL
2023,NULL,1.84,NULL,-13.37,6.26,-34.5,20.36,4.41,NULL,NULL,NULL,NULL
2022,NULL,19.83,NULL,5.61,0,0,0,0,NULL,NULL,NULL,NULL
2022,65,26,23,12,-30,-35,-11,2,89,93,NULL,NULL
2022,49,18,21,8,-30,-35,-11,2,89,93,NULL,NULL
2022,35.4,18,35.8,13.1,-50,-103.2,-45.6,-46.3,89,85.3,89.1,83.6
2023,38,15,25.3,8.5,-48.3,-158,-50.6,-68.1,88.3,87.1,90.4,91.3
2022,-19,-12,-14,-19,NULL,NULL,NULL,NULL,70,61,NULL,NULL
2022,NULL,26.3,NULL,33,-100,-100,12,-3,NULL,NULL,NULL,NULL
2022,73.91,12.99,80.83,11.04,NULL,NULL,NULL,NULL,8.7,7.6,NULL,NULL
2022,85.6,57.4,47.2,28.9,NULL,NULL,-23.9,-200,80.2,81,84.9,84.2
2023,41.7,12.4,-9.1,-11.2,NULL,NULL,-12.2,-18.2,62.4,75.1,100,100
2022,38.31,4.82,1.49,1.84,1.1,-6.27,-0.25,0,77.6,77.9,23,19
2022,34,7.1,8,-0.2,-15.4,-2.1,12.1,8.6,87,88,68,66
2023,36,11.7,0.6,3.1,-13.2,-5.4,-2.1,-0.5,92,91,49,43
2022,14.6,31.1,19.9,34.3,37.4,48.3,30.7,46.9,79,89.5,92.2,95.3
2022,1.1,3.9,0.7,6,-4,-1.5,-16,0.1,85,85,82.4,83.2
2022,53.6,28.2,33.8,26.3,4,-2.5,15,7.2,86.5,87.7,67.2,66.7
2022,-96.52,-12.88,1.05,-23.31,-67.15,-3.82,68.82,21.61,66.94,89.57,84.3,78.07
2023,-85.41,-15.06,13.87,-27.18,44.82,44.82,70.99,39.35,69.53,89.11,82.81,84.14
2022,42.4,26,48,28,23.7,32.3,-28.8,-38.6,58.4,67.7,100,100
2023,11.9,14.9,87,17.5,-8.2,-17.1,-14.3,3.4,61.7,62.2,100,100
2022,NULL,18.6,NULL,15.5,35.8,8.6,3.6,-4.1,NULL,NULL,NULL,NULL
2022,5.96,9.13,-4.95,10.06,-36,-22,8,3.13,87.6,87.59,86.82,86.39
2022,20.39,13.04,-2.15,6.38,12,63,-100,-100,81.88,78.89,85.51,68.84
2022,9.5,9.16,9.88,14.39,42,47,8,10.59,85.09,90.79,85.96,80.92
2022,62.92,21.64,47.43,22.71,0.23,12.88,NULL,NULL,43.5,29.7,95.2,97.1
2022,89.2,37,0,30.6,NULL,NULL,NULL,NULL,90.7,82.7,2.3,19.8
2022,42.2,25.1,39.1,22.3,NULL,NULL,NULL,NULL,93.6,94.2,84.5,88
2023,NULL,15,NULL,26,-89,-179,NULL,NULL,NULL,NULL,0,0.4
2023,19.9,17.6,-25,25.3,-2,27.6,-11.1,-0.1,33,36,92,93
2023,NULL,-1.87,NULL,-1.72,-2.34,-3.49,-2.18,0.11,NULL,NULL,NULL,NULL
2023,-89.43,-3.38,0.45,1.33,15.71,33.67,NULL,NULL,54.1,55.3,0.51,0.73
2023,NULL,-4.35,NULL,-6.7,-18.88,-30.58,1.01,2.69,NULL,NULL,NULL,NULL
2023,13.04,2.89,0.47,0.56,0.18,-0.77,4.07,2.44,94.25,92.75,0.38,0.48
2023,39,20.1,36.3,17.6,NULL,NULL,NULL,NULL,96.8,95.3,88.2,90.1
2023,81,,NULL,27,NULL,NULL,NULL,NULL,NULL,NULL,NULL,NULL
2023,11.85,11.81,-3.69,12.74,NULL,NULL,8,11.24,85.96,92.25,86.99,88.14
2023,34.65,12.26,-9.7,2.11,48,48,18,15.27,84.42,75.7,76.62,75.7
2023,15.63,0.36,10.4,-13.46,NULL,NULL,-11,-29.84,68.28,76.33,68.28,75.74
2023,-38.28,15.8,-13.54,27.79,NULL,NULL,7,1.72,91.89,95.45,81,96
2023,-17.15,-3.25,49.56,7.98,NULL,NULL,NULL,NULL,81.25,84.62,81.25,76.92
2023,51.3,26.5,30,27.5,-3,-0.2,-4.2,-7.7,93.7,95.9,70.9,75.4
2023,57.6,10.1,49.91,-1.7,0,0,0,100,30.73,25.58,71.51,61.63
2023,NULL,28.42,NULL,32.04,-100,-100,23,22,NULL,NULL,NULL,NULL
2023,0,22.36,0,6.21,-35.6,-2.32,10.53,24.5,NULL,NULL,0.69,3.13
2023,6.5,-2.3,10.8,1.5,-21.7,-10.4,-7.3,-7.3,94.4,94.1,76.3,73.7
2023,81.4,54.1,27.9,29.2,NULL,NULL,14,0,80.2,74.6,84.9,19.4
2023,NULL,2.1,NULL,-0.2,-8.9,-13.6,0.9,-0.5,NULL,NULL,NULL,NULL
2023,18.1,33.6,24.6,35.4,-21.3,-22.7,41.8,63.5,86.9,95.8,87.6,94.7
2023,5.3,-0.13,2.3,3,16.6,4.6,6.7,0,88.9,83.7,89.2,85.1
2023,29.69,29.35,34.6,28.75,NULL,NULL,NULL,NULL,70.06,65.29,NULL,NULL
2023,16.5,8.2,11.7,6.3,8.2,30.9,17.8,20,89.5,89.3,0.8,1
2023,14.8,7.5,11.2,5.9,NULL,NULL,NULL,NULL,89.6,89.2,0.8,1.1
2023,44.4,19.6,58.7,13.5,70.6,76.1,-1.8,-4.5,71.3,73.3,92,92.1
2023,34.6,19.9,5.6,13.9,18,24,20,20,86,86,86,86
2023,-29.3,-6.5,-69.2,0.2,0.6,0.3,-1.3,-0.7,7.9,7.7,3.9,2.1
2023,NULL,-3.96,NULL,-3.58,-2.19,-1.21,-8,-6.99,NULL,NULL,NULL,NULL
2023,42.6,17.4,40,16,45.2,46.8,20.9,2.9,22,20,NULL,NULL
2022,37.6,16.3,30.3,10.7,37,37.6,13.4,4.7,22,23,NULL,NULL
2023,58.4,32.6,33.2,25.2,66.5,6.2,75.7,-12,90.3,89.3,93.6,95.2
2023,22,9,20,4,0,1,6,25,98,97,64,70
2023,65,62,63,15,21,37,0,3,50,64,91,79
2023,85,73,54,31,NULL,NULL,NULL,NULL,66,82,83,60
2023,37.47,13.89,33.33,12.69,38.57,45.89,NULL,NULL,84.85,83.89,93.6,92.28
2023,53.3,21.8,32.8,12.2,1.5,-3.3,-20.6,-54.4,93.8,90.9,27.8,33.2
2023,37.7,25.1,24.6,26.7,NULL,NULL,-39.5,-13.6,93.7,85.5,28.6,27.7
2023,7.69,3.35,4.69,2.56,NULL,NULL,-2.22,-2.48,81,80,95.8,96.7
2023,27.17,1.26,0,-17.11,-72.91,-64.16,1.37,0.07,90.59,84.62,44.53,33.65
2023,28.44,12.2,20.97,10.22,-16.76,-33.89,2.79,-8.83,51.85,48.54,25.93,22.65
2023,64.37,20.44,36.73,19.58,2.67,10.65,NULL,NULL,43.1,29.5,89.1,93.3
2023,7.61,0.3,6.79,-10.71,-55.97,-27.1,15.22,17.29,67,70,46,40
2023,9.98,8,7.21,0.8,2.2,6.8,14.5,13.7,88.65,92.03,NULL,NULL
2023,19.3,10.3,5.2,4.8,NULL,NULL,NULL,NULL,93.3,95.5,92,95.1
2023,43,25,25,19,-66,-9,4,3,97,95,5,6
2023,5.92,9.6,5.83,4.4,31.2,31.8,1.76,2.5,93,91,91,92
2023,71.1,39.6,47.9,26.1,81.8,63.2,73.5,4.1,84.7,87.4,95.4,95.6
2023,3,21,0,19.5,23.3,-21,-26.1,-7.1,0.8,1,95.6,95.9
2023,53.82,9.35,-8.33,-3.91,14.56,7.26,15.36,9.34,6.1,8.93,0.12,0
2023,15.9,8.4,0,-3.33,12.05,-4.39,-86.95,-70.78,3.19,7.14,0.16,7.14
2023,59.65,5.68,8,-8.07,17.9,5.28,47.58,27.82,15.94,9.22,0.15,0
2023,64,9,58,6,NULL,NULL,NULL,NULL,5,5,0.2,2
2023,21.4,25.4,7.8,1.3,0.4,0.1,0.2,0,99.8,98.5,74.3,70.4
2023,1.94,0.33,0,2.28,-3.81,-2.06,NULL,NULL,1.56,1.79,0.78,2.81
2023,65.3,32.7,41.2,20.2,43.2,9.8,0.9,-2.5,70.9,31.5,2.5,7.5
2023,-1.6,4.4,8.7,10.2,-15.9,-23.2,39.4,34,100,100,100,100
2023,55,0.32,-1.25,35.09,-24.21,-15.86,NULL,NULL,4,7,32.11,48.41
2023,-1.58,3.07,-13.3,5.91,-37.71,-17.64,-1.6,-1.03,93.63,93.4,96.74,96.7
2023,7.01,13.77,13.87,14.55,6.5,1.53,NULL,NULL,98.48,97.2,97.73,100
2023,-1.65,3.67,17.01,11.4,NULL,NULL,-11.53,-2.96,84.56,84.23,95.22,93.74
2023,-13.07,2.61,-4.44,4.72,8.99,10.48,26.06,29.29,90.66,90.3,96.69,96.57
2023,15.8,16.5,-8.4,2.5,NULL,NULL,NULL,NULL,100,100,95,91.3
2022,31.4,12.8,-27.2,-0.7,NULL,NULL,-0.2,-7.4,98.2,93.8,98.2,95.5
2023,39,-10.1,21.9,-9.8,NULL,NULL,NULL,NULL,10.7,89.3,10.7,89.3
2023,40,24.1,28.5,28.1,51.7,52.8,8.29,0,32.8,67.2,45.1,54.9
2023,-1.85,28.21,-3.67,-5.82,NULL,NULL,6.65,4.52,29.7,26.8,2.28,0.72
2023,16.9,19.8,-16.9,13.5,-31.7,-11.2,15,-1.7,0.8,6.6,96.6,94
2023,NULL,12.12,NULL,11.07,-45.67,-35.42,-1.48,-1.48,NULL,NULL,NULL,NULL
2023,NULL,6.43,NULL,4.35,-8.42,-15.69,NULL,NULL,NULL,NULL,NULL,NULL
2023,NULL,-2.56,NULL,-0.44,-32.82,-49.81,NULL,NULL,NULL,NULL,NULL,NULL
2023,NULL,18.4,NULL,17.4,31.1,3.6,4.5,-1.9,NULL,NULL,NULL,NULL
2023,42.65,10.74,6.67,8.01,10.23,6.97,NULL,NULL,1.21,1.82,0.98,3.83
2023,42.9,2.7,29.8,0.7,-16.4,-18.4,4,0.6,NULL,NULL,NULL,NULL
2023,NULL,2.41,NULL,-1.32,-2.8,-2.41,-3.79,-4.05,NULL,NULL,NULL,NULL
2023,23,13,17,10,-39,-35,0,0,88,89,87,87
2023,-19.2,6.5,15.2,17.2,NULL,NULL,NULL,NULL,99,99.5,77,78
2023,55.6,13.79,31.53,6.76,NULL,NULL,NULL,NULL,23.4,NULL,NULL,NULL
2023,NULL,-6,NULL,-13.55,-3.33,-2.61,-11.49,22.57,NULL,NULL,NULL,NULL
2023,11,12.2,6,13.2,-14.8,-3.8,2.3,3.2,NULL,NULL,86.7,88.7
2023,7.5,-0.7,-4.8,0.1,-0.2,-0.2,NULL,NULL,95.2,93.5,1.1,1.9
2023,48,24.71,33,19.66,-7.25,-26.1,NULL,NULL,NULL,NULL,NULL,NULL
2023,-7.81,19.05,-50,26.57,20.96,26.57,5.78,12.74,5.2,5.7,67.2,70.23
2023,NULL,4.09,NULL,1.9,-3.48,-3.55,7.27,7.25,NULL,NULL,0.6,1.8
2023,3.74,3.05,11.4,-0.27,25.08,12.66,0,0,53.7,53.7,100,100
2023,0,-3.65,0,-16.18,-12.07,-13.6,0,0,0,0,0,0
2023,NULL,-13.08,NULL,-26.89,-35.83,-41.82,-1.16,-11.07,NULL,NULL,NULL,NULL
2023,NULL,9.68,NULL,12.71,8.44,10.91,-27.9,0,NULL,NULL,NULL,NULL
2023,NULL,5.83,NULL,6.26,3.86,2.32,NULL,NULL,NULL,NULL,NULL,NULL
2023,NULL,9.74,NULL,4.13,5.01,0.69,24.36,37.95,NULL,NULL,NULL,NULL
2023,NULL,10.81,NULL,6.16,4.54,4.54,17.17,3.57,NULL,NULL,NULL,NULL
2023,NULL,4.26,NULL,-1.06,10.38,0.02,0,0,NULL,NULL,NULL,NULL
2023,NULL,5.91,NULL,8.12,5.89,3.3,NULL,NULL,NULL,NULL,NULL,NULL
2023,NULL,8.45,NULL,12.33,4.61,1.25,0,0,NULL,NULL,NULL,NULL
2023,NULL,10.06,NULL,11.56,-0.39,2.04,NULL,NULL,NULL,NULL,NULL,NULL
2023,NULL,3.42,NULL,-1.71,2.3,-0.35,NULL,NULL,NULL,NULL,NULL,NULL
2023,NULL,8.13,NULL,9.04,5.03,0.6,NULL,NULL,NULL,NULL,NULL,NULL
2023,NULL,3.62,NULL,-1.38,3.23,-0.67,-1.6,-1.8,NULL,NULL,NULL,NULL
2023,47.08,32.34,41.52,36.09,6.82,3.15,0,0,58.59,93.6,1.01,4.73
2023,0,37.89,100,46.13,0,0,0,0,0,2.2,0,33.33
2023,0,8.86,0,0.11,0.29,0.08,-0.78,-0.78,0,0,0,8.33
2023,0,0,0,100,0,0,0,0,0,0,0,0
2023,-486,23,-458,19,22,20,NULL,33,10,8,100,100
2023,-7.7,4.3,NULL,4.4,NULL,NULL,16.7,19.1,91.1,92.9,93.1,97.4
2023,55.88,7.18,51.26,10.12,NULL,NULL,NULL,NULL,28,23,0,7
2023,60.5,18.77,18.18,10.3,NULL,NULL,NULL,NULL,28,47,2,6
2023,40.32,8.33,49.8,8.92,NULL,NULL,NULL,NULL,16,47,1,1
2023,32.32,-0.11,42.82,1.6,NULL,NULL,NULL,NULL,68,44,9,22
2023,38.03,4.13,42.88,9.89,NULL,NULL,NULL,NULL,70,74,1,4
2023,28.8,4.46,46.51,3.25,NULL,NULL,NULL,NULL,85,94,0,0
2023,NULL,26.1,NULL,5,17.3,-9,21.3,20.1,NULL,NULL,NULL,NULL
2023,NULL,2.72,NULL,-1.74,2.65,0.33,NULL,NULL,NULL,NULL,NULL,NULL
2023,NULL,20.12,NULL,-0.82,-3.84,-57.05,27.02,36.64,NULL,NULL,NULL,NULL
2023,47.7,3,0,-7.9,-7.3,-8,0.9,-0.7,87.7,78.1,24.6,16.5
2023,-8.09,0.36,12.62,12.62,NULL,NULL,NULL,NULL,74,91,8,5
2023,NULL,5,NULL,3.49,-0.74,0.72,NULL,NULL,NULL,NULL,NULL,NULL
2023,NULL,1.9,NULL,-3.08,7.56,0.04,NULL,NULL,NULL,NULL,NULL,NULL
2023,NULL,9.19,NULL,10.45,4.64,1.23,NULL,NULL,NULL,NULL,NULL,NULL
2023,NULL,1.69,NULL,-1.36,1.29,-0.06,NULL,NULL,NULL,NULL,NULL,NULL
2023,13.9,12.5,13.2,11.3,-1,22.7,NULL,NULL,96,94,19,23
2023,2.03,-7.79,21.2,-6.18,0,0,NULL,NULL,93.39,89.24,2.48,1.58
2023,46,29,73,35,NULL,NULL,NULL,NULL,20,25,0,0.75
2022,73,29,82,35,NULL,NULL,NULL,NULL,11,24,0,0.45
2023,NULL,8.46,NULL,11.56,NULL,NULL,-2.2,-2.45,NULL,NULL,NULL,NULL
2022,NULL,13.03,NULL,11.19,NULL,NULL,-3.51,0.75,NULL,NULL,NULL,NULL
2022,50,28.5,19.3,27.1,2.7,5,0.7,0.7,77,78,80.3,86.1
2023,38.4,23.3,8.6,22.1,-11.5,-38.6,41.1,29.1,80.1,91.4,82.4,92.6
2023,40,28,11,14,NULL,NULL,NULL,NULL,92,93,NULL,NULL
2023,14,7,14,9,-2,1,3,27,100,100,99,99
2023,-72,-27,15,18,NULL,NULL,NULL,NULL,100,100,100,100
2023,94.68,10.94,87.25,4.57,NULL,NULL,NULL,NULL,8.9,7.9,NULL,NULL
2023,-0.21,4.21,2.28,-2.58,-7.31,-2.8,-19.81,-8.12,83.01,76.23,15.75,12.79
2022,NULL,-3.34,NULL,4.54,2.03,4.54,NULL,NULL,NULL,NULL,NULL,NULL
2022,71.1,14.9,90.2,0.5,0.6,1,5.6,-10.7,28.8,23.8,2.75,4.8
2023,76.5,39.1,92.82,13.9,5.4,-3.5,NULL,NULL,16,25,6,25
2022,26.2,5.8,7.4,-0.4,-0.7,-0.4,2.7,1.2,64,60.9,100,100
2023,29,17,31,20,NULL,NULL,NULL,NULL,7,6,76,89
2022,-6,10,0,16,NULL,NULL,NULL,NULL,79,89,73,92
2023,40.4,1.4,0,1.6,-5.5,-1.1,3.9,2.6,82,81,2,4
2022,25.5,1.12,-43.61,-5.49,-6.77,-6.98,-21.72,-32.83,16.16,19.18,0.08,4.42
2023,NULL,-18.8,NULL,-25.5,NULL,NULL,NULL,NULL,0,0.4,0,1.1
2023,41,31,43,28,-8.6,-13,-28,-10,33,45,99,100
2022,44.23,12.51,6.84,-0.4,-5.73,-1.66,-1.08,-2.11,79.52,77.1,13.69,13.74
2023,NULL,18.98,NULL,-25.34,16.15,-53.27,21.04,-20.81,NULL,NULL,NULL,NULL
2023,30.51,-14.6,63.87,-12.4,-12,-10,NULL,NULL,2.76,2.81,0.69,2.67
2023,NULL,26.82,NULL,8.17,36.96,-9.79,43.09,24.58,NULL,NULL,NULL,NULL
2023,40.96,20.86,32.95,16.43,15.94,31.1,-9.58,0,99.51,99.69,98.21,97.34
2023,29.6,14,43.6,9.5,NULL,NULL,NULL,NULL,2.3,6.2,NULL,NULL
2023,80,37.41,0,35.81,NULL,NULL,NULL,NULL,12,88,6,94
2023,10.5,3.2,0,-0.8,-1.8,-1.4,0,-0.2,4.5,3.3,0,0.6
2023,NULL,-7.72,NULL,-15.88,-0.89,-0.28,NULL,NULL,NULL,NULL,NULL,NULL
2022,-33,-2.2,5.9,-2.4,NULL,NULL,NULL,NULL,43.2,36.2,NULL,NULL
2023,18.3,1.7,4.6,0.1,-5.5,-5.1,NULL,NULL,75.5,79.2,5.4,4.8
2022,14,3.4,19.3,15.4,NULL,NULL,NULL,NULL,56.1,33.5,NULL,NULL
2022,-36,-7.6,23.9,1.6,-15.2,4.9,NULL,NULL,NULL,NULL,NULL,NULL
2022,61.8,20.34,15.2,0.82,-0.4,-0.3,NULL,NULL,22,31,NULL,NULL
2022,30.45,11.24,0.15,1.59,13.77,-0.72,-2.94,-9.12,51.96,56.86,0,0.2
2022,44.32,16.6,45.66,6.03,0,3.63,4.65,3.63,60,61.26,8.62,6.81
2022,-469.74,-12.6,-886.7,-9,-13.52,-1.84,NULL,NULL,5.97,1.31,16.42,11.59
2022,74.26,3,37.23,-0.34,NULL,NULL,0.4,-0.54,5.76,10.33,0,16.42
2022,59.07,11.6,30.81,3.56,-3.02,8.65,4.26,0.52,13.17,13.23,5.76,5.15
2023,-6.4,0.8,24.7,0.3,-5.8,0.1,NULL,NULL,33,42.8,5.8,11.1
2023,81,4.8,30.6,0.2,NULL,NULL,1.5,0,3.4,9,0,0.4
2023,56.1,10.5,36,6.6,-6.4,-2.6,2.3,0.8,16.1,19,5.6,4.5
2022,20,13.5,34.6,16.2,NULL,NULL,28.3,31.7,72,79,97.7,96.5
2022,NULL,8.33,NULL,4.58,NULL,NULL,NULL,NULL,NULL,NULL,NULL,NULL
2022,17,25.5,-80,22.05,NULL,NULL,NULL,NULL,42.5,57.5,36.2,63.8
2023,3,20,NULL,19,NULL,NULL,NULL,NULL,12,14,35,40
2022,14.7,-6.9,9.8,-20.2,NULL,NULL,NULL,NULL,89.7,95.3,NULL,NULL
2023,37.9,13.7,1.84,1.56,26.39,0.81,-0.58,5.41,45.2,41.26,0,0
2023,NULL,3.09,NULL,-17.64,-35.86,-45,4.64,-10.61,NULL,NULL,NULL,NULL
2023,36,14,7,-6,32,30,NULL,NULL,88,89,NULL,NULL
2023,5,7,26,-8,30,30,NULL,NULL,87,89,NULL,NULL
2023,101,10.23,47,3.85,0.01,0,NULL,NULL,3.67,5.92,3.11,5.92
2023,74.53,9.25,40,1.22,0.97,-0.31,-3.85,-7.04,3.13,2.73,0,0.34
2023,54,9,32,-0.5,-1,-4.2,3,4.2,NULL,NULL,NULL,NULL
2022,57,9,31,-3,-14,-5,2,3,2,4,NULL,NULL
2022,-43.51,1.7,58.33,0.2,-8.71,1,-5.39,-1,5.51,2.9,0,0
2022,69.23,15.49,-33.33,14.22,12.34,14.52,-23.43,-10.47,2.68,4.76,0,0
2022,41.14,12.89,54.25,14.92,22.37,25.32,NULL,NULL,4.9,3.1,1.27,0.81
2023,56,14,20,3,7,2,NULL,NULL,3.6,5.2,0,1
2022,-14,13,-248,1,5,1,NULL,NULL,2.3,6.3,0,0.7
2023,56,18,33,3,NULL,NULL,NULL,NULL,79,72,NULL,NULL
2022,60,14,9,2,NULL,NULL,NULL,NULL,73,68,NULL,NULL
2022,NULL,12.73,NULL,2.75,-2.83,-1.28,0,0,NULL,NULL,2.21,3.45
2022,5.26,2.58,22.28,0.22,1.11,0.1,NULL,NULL,10.41,9.09,0.97,1.36
2022,39.91,2.42,80.56,1.38,-1.33,0.61,NULL,NULL,6.1,2.02,1.22,0
2023,NULL,8.18,NULL,10.71,14.3,29.67,1.9,-2.68,NULL,NULL,NULL,NULL
2022,NULL,10.45,NULL,12.24,17.99,-12.76,9.09,-2.74,NULL,NULL,NULL,NULL
2023,30,19.1,76.6,21.5,-10.8,-13,NULL,NULL,53,54.1,4.5,9.1
2022,22.4,27.45,25.93,0.53,-67.01,-66.6,-0.38,-1.97,0.56,3.82,20.11,25.95
2023,59.4,12.9,2.4,2,-5.6,0.2,NULL,NULL,22.1,20.3,1.9,1.3
2022,66.1,15.9,44.4,1,-5.2,0.3,NULL,NULL,16.8,16.7,2.2,1.6
2022,18.87,10.32,-125.07,-0.5,13.1,-7.47,NULL,NULL,4.17,9.59,NULL,NULL
2023,19.33,10.88,-255,1.24,-0.45,-0.1,NULL,NULL,3.92,10,NULL,NULL
2022,44.65,9.23,6.69,0,-0.14,1.51,NULL,NULL,4.08,5.1,0,0
2022,92.2,9.5,96,4.7,-1.8,-0.3,NULL,NULL,18,1.1,3.6,3.4
2023,-78.9,7.1,96.2,0.6,-1.8,-0.1,NULL,NULL,31.6,6.9,4.4,5
2023,61.04,8.06,33.33,4,-3.27,0,0,0,6.67,12.41,0.67,3.65
2022,45.7,19.3,9.6,7,-19.7,-51.6,17.4,0.6,2,4.6,1.3,2.5
2022,41.2,17.5,57.1,4.2,-32.4,-64.3,24,-8.2,2.1,4.2,2.1,4.2
2022,0,3.2,0,-0.3,-27.6,-47.6,-23.4,21.2,0,0,0.8,0
2022,0,-14.5,0,-44.1,-10.8,-50.7,1.6,8.1,0,0,0,0
2023,65,19.5,-32,8.3,20.4,2.7,15.1,0,2,5,1,2
2023,0,19,0,8,NULL,NULL,NULL,NULL,5,9,7,2
2022,48,22,-49,10,2,10,NULL,NULL,4,9,2,8
2022,NULL,3.83,NULL,-5.97,6.86,5.5,-9.51,-9.51,NULL,NULL,NULL,NULL
2023,-15,0.5,15.7,0.9,5.6,6.4,NULL,NULL,45,41,4.5,6.1
2022,NULL,15,NULL,1,3,-3,19,22,NULL,NULL,NULL,NULL
2023,NULL,17,NULL,0,12,-10,19,22,NULL,NULL,NULL,NULL
2022,NULL,22,NULL,4,18,0,18,22,NULL,NULL,NULL,NULL
2023,NULL,20,NULL,2,16,-17,15,18,NULL,NULL,NULL,NULL
2022,NULL,10.53,NULL,15.91,0.22,3.86,NULL,NULL,NULL,NULL,NULL,NULL
2023,28,2,0,1,-8.5,0,NULL,NULL,82,77,0,0
2023,-14,-18.7,-80,-1.5,-2,-3,13,-3,33,44,NULL,NULL
2023,55,34,0,22,NULL,NULL,NULL,NULL,95,97,29,56
2023,18.3,9.9,27.6,14.4,NULL,NULL,NULL,NULL,93.51,86.62,90.91,83.64
2022,NULL,-8.29,NULL,-3.39,-42.07,-29.53,NULL,NULL,NULL,NULL,NULL,NULL
2022,16.9,13.3,23.8,13.4,NULL,NULL,NULL,NULL,89.61,94.07,85.71,89.83
2022,42,22,33,37,NULL,NULL,NULL,NULL,69,52,9,10
2022,45.3,22.3,7.1,10.3,NULL,NULL,NULL,NULL,77.5,87.7,78.8,86.1
2023,48.1,22.4,16.2,12.5,NULL,NULL,NULL,NULL,96.3,97.6,86.3,90.1
2022,21,-4,-99,-9,NULL,NULL,NULL,NULL,NULL,NULL,NULL,NULL
2022,NULL,24.14,NULL,6.52,19.08,-0.75,18.93,15.45,NULL,NULL,NULL,NULL
2022,-25,8.34,-33.21,10.22,NULL,NULL,NULL,NULL,5.16,18.87,1.25,0.94
2022,20.52,7.5,27.66,12.49,2.94,0.72,NULL,NULL,91,88,4.1,3.1
2023,-33,-1.16,12.04,10.06,NULL,NULL,NULL,NULL,85,87,4.49,4.21
2023,-26,-5.8,21,-0.6,-0.5,-0.3,0,0,12,11,4.5,4
2022,-46.7,-3,15.1,0.3,0,0.2,0,0,21,17,6.34,5.17
2023,14.8,4.9,11.8,5,11.1,-4.2,NULL,NULL,79.8,80.4,40.5,25.1
2023,57.6,14.2,9.1,3.8,NULL,NULL,-10.2,-10.2,80.4,78.8,17.1,15.1
2023,NULL,14.3,NULL,10.1,21.4,18.4,11.1,12,NULL,NULL,NULL,NULL
2023,13.4,20.9,33.6,11.5,0,0,-71.8,-68.4,87.2,83.8,87.2,75.6
2023,32.9,11.4,14.1,13.9,0,0,0,0,87,100,0,0
2022,NULL,9.1,NULL,,NULL,NULL,NULL,NULL,NULL,NULL,NULL,NULL
2022,-29.92,9.91,-34.63,4.5,40.62,0,NULL,NULL,0.7,0.7193,NULL,NULL
2023,28,19,0,12,NULL,NULL,NULL,NULL,97,96,NULL,NULL
2022,27,28,0,19,NULL,NULL,NULL,NULL,98,94,NULL,NULL
2023,5.78,8.21,-70.94,9.55,NULL,NULL,NULL,NULL,8.18,20.28,1.89,2.76
2023,16.39,11.09,5.26,2.53,NULL,NULL,NULL,NULL,5,95,NULL,NULL
2023,100,10.85,100,5.87,0,NULL,0,NULL,0,8.46,43.59,19.34
2023,21.08,10.23,18.34,0,NULL,NULL,NULL,NULL,19.87,25.99,NULL,NULL
2023,27.4,9.1,34.3,12.8,19.8,19.4,NULL,NULL,95,97,99,98
2023,-30.5,-6.9,-42.5,-13.2,NULL,NULL,NULL,NULL,85.3,92.1,NULL,NULL
2023,38.37,2.04,2.9,6.99,NULL,NULL,NULL,NULL,82,74,NULL,NULL
2023,0.1,6.7,14.2,12.9,-47.2,-50,19.1,-32.4,96,97,92,93
2023,NULL,-14.88,NULL,-15.01,-41.14,-36.23,1.86,1.76,NULL,NULL,NULL,NULL
2023,NULL,8.01,NULL,6.58,-4,1.2,0,0,NULL,NULL,NULL,NULL
2023,39.42,14.29,0,1.95,-6.04,-5.87,-1.86,-1.78,97,95,75,72
2023,100,5.9,100,6.1,53.9,55,NULL,NULL,0,2.4,10.1,10.2
2022,25.8,13.9,29.6,8.6,38.5,39.1,NULL,NULL,2.8,6.5,7.8,9.7
2023,NULL,3.15,NULL,4.53,-8.27,-6.82,4.98,5.89,NULL,NULL,NULL,NULL
2023,NULL,3.6,NULL,1.7,-29.7,-6.2,NULL,NULL,NULL,NULL,3.4,2.7
2023,52.63,8.29,39.04,1.13,12.3,0.72,NULL,NULL,5.45,3.63,2.97,2.35
2023,NULL,5.4,NULL,0,NULL,NULL,NULL,NULL,NULL,NULL,NULL,NULL
2023,-38,27,63,42,NULL,NULL,NULL,NULL,85,76,5,9
2023,30.5,22.6,26.1,25.9,-3.5,-0.6,38.6,46.8,38.5,62.9,5.6,15.5
2022,-55.9,-3.6,14.6,11.2,NULL,NULL,NULL,NULL,NULL,NULL,NULL,NULL
2023,-13.4,7.7,28.9,19.7,NULL,NULL,NULL,NULL,75,81,77,77
2022,60,29,58,40,-7.4,6.8,-10.6,-8.3,82,80,89,89
2023,58.8,29.2,55.1,39.7,13.3,26.4,7.2,19.5,85.9,83.8,89.9,89.4
2023,-2,0,25,1,NULL,NULL,NULL,NULL,40,60,NULL,NULL
2022,NULL,,NULL,,NULL,NULL,NULL,NULL,NULL,NULL,NULL,NULL
2023,-12.5,4.1,-38.4,4.8,3.16,-2.7,NULL,NULL,4.8,6.6,NULL,NULL
2022,27.7,3.4,19.6,1.1,0.4,0,NULL,NULL,3.6,6,NULL,NULL
2023,32.3,3.8,-1.1,-0.1,-50.4,-17.1,0.1,0,71,59.2,100,100
2023,22.4,18.9,-200,5.9,1.8,0.1,NULL,NULL,0.2,0.8,0.7,4.5
2023,NULL,8,NULL,8.5,20.8,38.2,5.1,10.2,NULL,NULL,NULL,NULL
2023,22,10,0,3,2,1,5,7,27,33,9,13
2023,9.48,6.85,21.24,0.72,5.55,0.32,NULL,NULL,6.33,8.02,1.06,1.07
2023,-23.57,3.38,1.68,0.65,2.37,2.14,NULL,NULL,8.81,14.17,1.32,0
2023,66.84,9.7,63.24,-7.13,6.22,-34.01,8.26,-29.14,4.37,9.05,0.03,0.68
2023,-70.3,-8.3,-64.31,-11.4,NULL,NULL,NULL,NULL,91.5,88.6,8.5,21.5
